id,name,self,samples,distance_units,avg_speed,max_speed,kills,deaths,damage_dealt,damage_taken,uncredited_damage
101,recorder,1,360,280.8077,6.3872,9.1954,0,0,0,0,0
1,bot0,0,4,0,0,0,0,0,0,0,0
2,bot1,0,19,13.5431,6.1249,7.3181,0,0,0,0,0
3,bot2,0,82,64.1794,6.4389,8.0851,0,0,0,0,0
4,bot3,0,58,45.0641,6.4299,8.0851,0,0,0,0,0
5,bot4,0,40,29.2659,6.4869,8.0851,0,0,0,0,0
6,bot5,0,82,0,0,0,0,0,0,0,0
8,bot7,0,65,50.8411,6.4525,8.5091,0,0,0,0,0
9,bot8,0,3,1.5771,6.2351,6.6050,0,0,0,0,0
10,bot9,0,51,39.5677,6.3993,7.2317,0,0,0,0,0
12,bot11,0,58,45.1945,6.4525,8.4999,0,0,0,0,0
13,bot12,0,77,60.3694,6.4342,7.6352,0,0,0,0,0
15,bot14,0,30,22.2619,6.5290,8.5105,0,0,0,0,0
16,bot15,0,82,0,0,0,0,0,0,0,0
17,bot16,0,58,45.3266,6.4310,7.7491,0,0,0,0,0
18,bot17,0,73,56.3797,6.4510,8.4776,0,0,0,0,0
19,bot18,0,40,30.3754,6.2978,7.3379,0,0,0,0,0
20,bot19,0,41,26.7917,5.7990,8.4811,0,0,0,0,0
21,bot20,0,83,0,0,0,1,0,60,24,0
22,bot21,0,83,64.5102,6.4046,8.3444,0,0,0,0,0
24,bot23,0,21,15.0422,6.6145,8.4718,0,0,0,0,0
25,bot24,0,14,10.3450,6.5898,8.4682,0,0,0,0,0
26,bot25,0,43,0,0,0,0,0,0,0,0
27,bot26,0,25,11.2414,3.8202,7.5112,0,0,0,0,0
29,bot28,0,14,9.5524,6.6159,7.9123,0,0,0,0,0
30,bot29,0,25,19.0111,6.4835,7.9975,0,0,0,0,0
31,bot30,0,83,0,0,0,0,0,0,0,0
32,bot31,0,17,12.7007,6.5221,7.6950,0,0,0,0,0
35,bot34,0,27,18.5382,5.7761,7.7603,0,0,0,0,0
41,bot40,0,83,0,0,0,0,0,0,0,0
44,bot43,0,9,6.0484,6.1175,7.3671,0,0,0,0,0
45,bot44,0,23,17.4816,6.3919,7.1326,0,0,0,0,0
46,bot45,0,8,0,0,0,0,0,0,0,0
51,bot50,0,83,0,0,0,0,0,0,0,0
53,bot52,0,54,41.9717,6.3951,7.6692,0,0,0,0,0
54,bot53,0,50,38.8874,6.4637,8.4716,0,0,0,0,0
57,bot56,0,70,48.5976,5.7053,7.7209,0,0,0,0,0
58,bot57,0,44,34.1015,6.4686,8.5097,0,0,0,0,0
60,bot59,0,14,9.6482,6.0297,7.1806,0,0,0,0,0
61,bot60,0,83,0,0,0,0,0,0,0,0
62,bot61,0,2,0.7991,7.9911,7.9911,0,0,0,0,0
63,bot62,0,17,11.8713,6.5713,8.5091,0,0,0,0,0
64,bot63,0,83,65.0394,6.4663,8.4670,0,0,0,0,0
65,bot64,0,8,5.5735,6.6986,8.4945,0,0,0,0,0
66,bot65,0,83,0,0,0,0,0,0,0,0
67,bot66,0,13,9.5146,6.5016,7.6622,0,0,0,0,0
70,bot69,0,38,29.2736,6.4669,8.1480,0,0,0,0,0
71,bot70,0,41,0,0,0,0,0,0,0,0
76,bot75,0,83,0,0,0,0,0,0,0,0
77,bot76,0,6,3.9575,6.7086,7.9870,0,0,0,0,0
78,bot77,0,83,61.2027,6.0756,8.5087,0,0,0,0,0
79,bot78,0,37,27.5944,6.2713,8.4382,0,0,0,0,0
81,bot80,0,25,0,0,0,0,0,0,0,0
84,bot83,0,21,15.9380,6.5416,7.9396,0,0,0,0,0
85,bot84,0,13,9.5376,6.5851,8.3390,0,0,0,0,0
86,bot85,0,83,0,0,0,0,0,0,0,0
87,bot86,0,7,4.7694,6.8102,8.4924,0,0,0,0,0
89,bot88,0,13,8.4701,5.7978,7.3020,0,0,0,0,0
94,bot93,0,64,50.0968,6.4623,7.9885,0,0,0,0,0
95,bot94,0,83,65.0550,6.4672,8.5097,0,0,0,0,0
96,bot95,0,83,0,0,0,0,0,0,0,0
97,bot96,0,83,65.0475,6.4674,8.5071,0,0,0,0,0
98,bot97,0,14,9.2196,6.4388,8.0851,0,0,0,0,0
99,bot98,0,6,3.9352,6.7320,8.0851,0,0,0,0,0
102,bot100,0,78,0,0,0,0,0,0,0,0
103,bot101,0,189,149.4146,6.4580,12.5828,0,0,0,0,0
104,bot102,0,169,132.2996,6.4387,8.3982,0,0,0,0,0
105,bot103,0,73,56.2099,6.4469,8.5082,0,0,0,0,0
106,bot104,0,72,55.4646,6.4634,8.3609,0,0,0,0,0
108,bot106,0,187,146.8680,6.4497,8.5100,0,0,0,0,0
109,bot107,0,146,113.6678,6.4242,8.3802,0,0,0,0,0
110,bot108,0,105,80.0635,6.4151,8.5040,0,0,0,0,0
111,bot109,0,36,27.8709,6.4869,8.3806,0,0,0,0,0
112,bot110,0,199,0,0,0,0,0,0,0,0
113,bot111,0,189,142.4671,6.1528,14.6766,0,0,0,0,0
114,bot112,0,155,120.1058,6.3899,21.4044,0,0,0,25,0
115,bot113,0,84,66.1075,6.4896,9.3271,0,0,0,0,0
116,bot114,0,96,75.2611,6.4554,8.4527,0,0,0,0,0
117,bot115,0,95,0,0,0,0,0,0,0,0
118,bot116,0,111,79.4019,5.9255,8.2416,0,0,0,0,0
120,bot118,0,132,103.0013,6.4425,8.0640,0,0,0,0,0
121,bot119,0,153,119.7981,6.4473,8.4978,0,0,0,0,0
122,bot120,0,198,0,0,0,0,0,0,0,0
123,bot121,0,65,51.5435,6.6330,17.9255,0,0,0,0,0
124,bot122,0,135,103.0398,6.3036,8.3810,0,0,0,0,0
125,bot123,0,173,135.3054,6.4333,8.5018,0,0,0,0,0
126,bot124,0,75,58.6128,6.4303,8.3351,0,0,0,0,0
127,bot125,0,172,0,0,0,0,0,0,0,0
128,bot126,0,155,121.0259,6.4319,8.4839,0,0,0,0,0
129,bot127,0,184,144.5596,6.4530,8.5085,0,0,12,8,0
130,bot128,0,31,22.9832,6.4042,8.0309,0,0,0,0,0
131,bot129,0,162,126.8917,6.4485,8.4865,0,0,0,0,0
132,bot131,0,47,35.6551,6.4119,7.4555,0,0,0,0,0
133,bot130,0,173,0,0,0,0,0,0,0,0
134,bot132,0,189,147.8234,6.4242,8.3770,0,0,0,0,0
135,bot134,0,161,126.1995,6.4026,8.0728,0,0,0,0,0
136,bot133,0,113,86.8605,6.4163,8.5106,0,0,0,0,0
137,bot135,0,63,0,0,0,0,0,0,0,0
138,bot136,0,80,60.1658,6.4557,8.3077,0,0,0,0,0
139,bot137,0,69,54.0632,6.4702,8.5104,0,0,0,0,0
140,bot138,0,148,116.1185,6.4169,8.0770,0,0,0,0,0
141,bot139,0,157,123.7999,6.4433,8.0795,0,0,0,0,0
143,bot141,0,200,157.3323,6.4234,8.4914,0,0,0,0,0
144,bot142,0,190,145.9466,6.3099,8.3206,0,0,0,0,0
145,bot143,0,122,95.1013,6.4451,8.4559,0,0,0,0,0
146,bot144,0,136,105.4593,6.4559,8.4863,0,0,0,25,0
147,bot145,0,184,0,0,0,0,0,0,0,0
148,bot146,0,65,50.7792,6.4602,7.6190,0,0,0,0,0
150,bot148,0,186,140.2640,6.1977,8.4349,0,0,0,0,0
151,bot149,0,200,157.0431,6.4141,8.4394,0,0,0,0,0
153,bot151,0,58,43.6626,6.3976,7.5303,0,0,0,22,0
154,bot152,0,67,51.3200,6.3982,8.2474,0,0,0,0,0
155,bot153,0,162,126.3868,6.4260,8.4808,0,0,0,0,0
156,bot154,0,79,60.2733,6.4468,8.5003,0,0,0,0,0
157,bot156,0,100,77.6759,6.4361,8.1712,0,0,0,0,0
158,bot157,0,162,126.8228,6.3974,8.0808,0,0,0,0,0
159,bot155,0,199,0,0,0,0,0,0,0,0
160,bot158,0,21,14.8105,6.3863,7.6052,0,0,0,0,0
161,bot159,0,29,20.7833,6.2073,7.0107,0,0,0,0,0
162,bot160,0,200,0,0,0,0,0,0,0,0
163,bot161,0,93,71.6822,6.3812,8.0851,0,0,0,0,0
164,bot162,0,131,101.2974,6.4170,8.0851,0,0,0,22,0
165,bot163,0,104,80.0859,6.4367,8.0851,0,0,0,0,0
166,bot164,0,196,153.9925,6.4256,8.0851,0,0,12,8,0
167,bot165,0,197,0,0,0,1,0,60,48,0
168,bot166,0,82,62.5325,6.4298,8.0851,0,0,0,0,0
169,bot167,0,136,105.4612,6.3944,8.0851,0,0,0,0,0
170,bot168,0,146,113.2427,6.4433,8.0359,0,0,0,0,0
171,bot169,0,162,122.4739,6.2300,8.0728,0,0,0,0,0
172,bot171,0,83,64.2177,6.5009,13.4235,0,0,0,0,0
173,bot170,0,4,0,0,0,0,0,0,0,0
174,bot172,0,119,92.6219,6.3830,8.0851,0,0,0,0,0
175,bot173,0,160,124.5450,6.4168,8.0851,0,0,12,0,0
176,bot174,0,146,113.0991,6.4587,8.0851,0,0,0,0,0
177,bot175,0,200,0,0,0,0,0,0,0,0
178,bot176,0,97,74.7607,6.3968,8.4592,0,0,0,0,0
179,bot178,0,98,76.1971,6.4627,8.1630,0,0,0,0,0
180,bot177,0,105,75.6406,5.9848,7.6126,0,0,0,0,0
181,bot179,0,122,95.1663,6.4755,8.0808,0,0,0,0,0
182,bot180,0,199,0,0,0,0,0,0,0,0
184,bot182,0,14,9.6857,6.0346,6.9963,0,0,0,0,0
185,bot183,0,111,87.2897,6.4484,8.4832,0,0,0,0,0
186,bot184,0,118,92.0371,6.4738,8.4828,0,0,0,0,0
187,bot185,0,184,0,0,0,0,0,0,0,0
188,bot186,0,121,95.1833,6.5215,13.8836,1,0,12,0,0
189,bot187,0,156,114.7877,6.1150,8.4546,0,0,0,0,0
190,bot188,0,103,66.5563,5.3549,8.0803,0,0,0,0,0
191,bot189,0,110,85.9574,6.4305,8.0743,0,0,0,0,0
192,bot190,0,75,0,0,0,0,0,0,0,0
193,bot191,0,55,41.1798,6.4442,7.6513,0,0,0,8,0
194,bot192,0,185,144.6921,6.4378,8.4428,0,0,0,0,0
195,bot193,0,72,55.8946,6.3877,8.0517,0,0,0,0,0
196,bot194,0,90,69.7775,6.3665,7.6119,1,0,12,0,0
197,bot195,0,24,0,0,0,0,0,0,0,0
198,bot196,0,157,122.4446,6.4239,8.1541,0,0,0,0,0
199,bot197,0,191,149.4634,6.4365,8.3787,0,0,0,0,0
200,bot198,0,59,44.5577,6.3398,8.4574,0,0,0,8,0
201,bot199,0,200,153.4530,6.2745,8.4632,0,0,0,0,0
202,bot200,0,74,0,0,0,0,0,0,0,0
203,bot201,0,74,57.7924,6.5284,9.1693,0,0,0,0,0
204,bot202,0,19,14.2440,6.6040,8.1804,0,0,0,0,0
205,bot203,0,19,13.4138,6.5855,9.1208,0,0,0,0,0
206,bot204,0,35,25.3261,6.5838,9.1577,0,0,0,0,0
207,bot205,0,74,0,0,0,1,0,60,16,0
208,bot206,0,74,57.2093,6.4651,9.1888,0,0,0,0,0
210,bot208,0,12,7.8706,6.4513,7.4472,0,0,0,0,0
211,bot210,0,74,0,0,0,0,0,0,0,0
212,bot209,0,64,49.9975,6.5298,9.1816,0,0,0,0,0
213,bot211,0,68,52.3521,6.4325,9.0442,0,0,0,0,0
214,bot212,0,44,33.2933,6.5645,9.1183,0,0,0,0,0
215,bot213,0,10,7.1392,6.4692,7.9984,0,0,0,0,0
216,bot214,0,36,27.6806,6.5337,9.1864,0,0,0,0,0
217,bot215,0,5,0,0,0,0,0,0,0,0
218,bot216,0,19,13.9397,6.2951,6.9545,0,0,0,0,0
219,bot218,0,74,57.9971,6.5508,9.1869,0,0,0,0,0
221,bot219,0,57,43.4924,6.5312,8.8924,0,0,0,0,0
223,bot221,0,69,53.9663,6.5324,9.0855,0,0,0,0,0
224,bot222,0,52,40.5238,6.5346,9.1585,0,0,0,0,0
225,bot223,0,74,57.9857,6.5497,9.1953,0,0,0,0,0
226,bot224,0,22,16.6436,6.5856,8.1324,0,0,0,0,0
228,bot226,0,25,17.8441,6.4159,8.9628,0,0,0,0,0
229,bot227,0,74,57.8524,6.5340,8.9781,0,0,0,0,0
231,bot229,0,74,57.9330,6.5433,9.1469,0,0,0,0,0
232,bot230,0,71,0,0,0,0,0,0,0,0
233,bot231,0,74,57.3760,6.4847,9.1158,0,0,0,0,0
234,bot232,0,3,1.5969,6.4892,7.0535,0,0,0,0,0
235,bot233,0,16,11.8897,6.6749,8.2081,0,0,0,0,0
236,bot234,0,48,39.0561,6.8353,21.8988,0,0,0,0,0
240,bot238,0,28,20.5662,6.5091,8.1312,0,0,0,0,0
241,bot239,0,67,52.3425,6.5362,9.0991,0,0,0,0,0
242,bot240,0,72,0,0,0,0,0,0,0,0
243,bot241,0,54,41.1208,6.5289,9.1606,0,0,0,0,0
244,bot242,0,56,42.8002,6.5555,9.1934,0,0,0,0,0
245,bot243,0,74,57.8968,6.5406,9.1953,0,0,0,0,0
246,bot244,0,70,54.2599,6.4829,9.1618,0,0,0,0,0
247,bot245,0,74,0,0,0,0,0,0,0,0
248,bot246,0,74,56.6503,6.4100,9.1717,0,0,0,0,0
249,bot247,0,31,22.9455,6.5135,8.0536,0,0,0,0,0
250,bot248,0,74,57.2614,6.4732,9.1902,0,0,0,0,0
251,bot249,0,74,58.0419,6.5559,9.1492,0,0,0,0,0
252,bot250,0,12,0,0,0,0,0,132,0,0
253,bot251,0,74,57.8900,6.5387,9.0276,0,0,0,0,0
254,bot252,0,28,20.6886,6.5902,9.1706,0,0,0,8,0
255,bot253,0,6,3.9683,6.4586,7.2703,0,0,0,0,0
256,bot254,0,30,22.6102,6.3606,7.7597,0,0,0,0,0
257,bot255,0,74,0,0,0,1,0,36,16,0
258,bot256,0,58,45.1848,6.4849,8.2420,0,0,0,0,0
260,bot258,0,62,48.4342,6.5439,9.1252,0,0,0,0,0
261,bot259,0,32,23.8450,6.6183,9.0674,0,0,0,0,0
263,bot261,0,17,12.6651,6.4877,6.8932,0,0,0,0,0
264,bot262,0,74,57.8443,6.5338,9.1806,0,0,0,0,0
265,bot263,0,19,13.5129,6.6353,9.1940,0,0,0,0,0
266,bot264,0,63,47.7444,6.4361,9.1598,0,0,0,0,0
267,bot265,0,19,0,0,0,0,0,0,0,0
269,bot267,0,14,10.3452,6.6209,8.1533,0,0,0,0,0
270,bot268,0,28,21.4027,6.5478,8.2359,0,0,0,0,0
271,bot269,0,54,41.7484,6.4737,8.7929,0,0,0,0,0
272,bot270,0,6,0,0,0,0,0,0,0,0
273,bot271,0,7,3.9215,6.2071,6.6051,0,0,0,0,0
274,bot272,0,64,49.9208,6.5208,9.1889,0,0,0,25,0
275,bot273,0,74,57.8544,6.5345,9.1859,0,0,0,0,0
276,bot274,0,70,54.1383,6.4632,9.1950,0,0,0,0,0
277,bot275,0,74,0,0,0,0,0,0,0,0
278,bot276,0,55,42.3995,6.4481,8.2189,0,0,0,0,0
279,bot277,0,31,23.7962,6.5397,8.2120,0,0,0,0,0
281,bot279,0,74,57.8775,6.5360,8.7356,0,0,0,0,0
282,bot280,0,59,0,0,0,0,0,0,0,0
285,bot283,0,62,47.6323,6.5192,8.2463,0,0,0,0,0
286,bot284,0,47,36.4556,6.5036,8.2329,0,0,0,0,0
288,bot286,0,73,56.5939,6.4859,8.7356,0,0,0,0,0
289,bot287,0,23,17.4605,6.6441,8.7356,0,0,0,22,0
290,bot288,0,18,13.4350,6.5980,8.1223,0,0,0,0,0
291,bot290,0,74,0,0,0,0,0,0,18,0
292,bot289,0,38,29.2594,6.5146,8.1346,0,0,0,8,0
293,bot291,0,8,5.5260,6.5384,7.4240,0,0,0,0,0
295,bot293,0,55,41.0425,6.5165,8.7356,0,0,0,0,0
296,bot294,0,45,34.8810,6.5104,8.2389,0,0,0,18,0
298,bot296,0,7,4.7634,6.4109,6.8557,0,0,0,0,0
299,bot297,0,9,6.3416,6.7502,8.0932,0,0,0,0,0
300,bot298,0,35,26.9686,6.5550,8.2430,0,0,0,0,0
301,bot299,0,25,18.2466,6.5805,8.2277,0,0,0,0,0
