t_ms,tick,players,mobs,player_hp,player_max_hp,speed_u_s,kills,deaths,damage_dealt,damage_taken
0,284,37,22,3242,3700,5.4054,0,0,0,0
101,286,38,22,3312,3800,5.1158,0,0,0,0
238,288,39,23,3412,3900,5.1692,0,0,0,0
332,290,39,23,3412,3900,5.0769,0,0,0,0
467,292,39,23,3412,3900,5.1692,0,0,0,0
598,294,38,23,3322,3800,5.1158,0,0,0,0
715,296,38,24,3322,3800,5.1158,0,0,0,0
849,298,37,25,3139,3700,5.0595,0,0,0,0
957,300,36,25,3039,3600,5,0,0,0,0
1084,302,36,25,3031,3600,5,0,0,0,0
1205,304,36,25,3031,3600,5,0,0,0,0
1326,306,35,25,2931,3500,4.9371,0,0,0,0
1471,308,36,26,3031,3600,5,0,0,0,0
1579,310,35,25,2931,3500,4.9371,0,0,0,0
1705,312,35,25,2931,3500,4.9371,0,0,0,0
1827,314,34,26,2831,3400,4.8706,0,0,0,0
1957,316,34,26,2815,3400,4.8706,0,0,0,0
2078,318,34,26,2815,3400,4.8706,0,0,0,0
2204,320,35,26,2890,3500,4.9371,0,0,0,0
2333,322,34,26,2828,3400,4.8706,0,0,0,0
2470,324,35,26,2920,3500,4.9371,0,0,0,0
2587,326,36,26,3020,3600,5,0,0,0,0
2690,328,36,25,3020,3600,4.8600,0,0,0,0
2825,330,36,25,3020,3600,5,0,0,0,0
2943,332,35,25,2992,3500,4.9371,0,0,0,0
3067,334,34,25,2908,3400,4.8706,0,0,0,0
3184,336,35,25,2948,3500,4.9371,0,0,0,0
3316,338,34,25,2873,3400,4.8706,0,0,0,0
3435,340,35,25,2943,3500,4.9371,0,0,0,0
3557,342,35,25,2943,3500,4.9371,0,0,0,0
3681,344,35,25,2943,3500,4.9371,0,0,0,0
3817,346,36,25,3019,3600,5,0,0,0,0
3941,348,36,25,3019,3600,5,0,0,0,0
4059,350,35,26,2919,3500,4.9371,0,0,0,0
4185,352,34,26,2819,3400,4.8706,0,0,0,0
4315,354,34,26,2819,3400,4.8706,0,0,0,0
4439,356,35,26,2847,3500,4.9371,0,0,0,0
4562,358,34,25,2747,3400,4.8706,0,0,0,0
4701,360,33,26,2655,3300,4.8000,0,0,0,0
4813,362,32,26,2555,3200,4.7250,0,0,0,0
4939,364,32,26,2587,3200,4.5000,0,0,0,0
5070,366,32,25,2587,3200,4.5000,0,0,0,0
5185,368,35,23,2853,3500,4.5257,0,0,0,0
5312,370,35,23,2853,3500,4.5257,0,0,0,0
5433,372,33,23,2721,3300,4.3636,0,0,0,0
5557,374,33,23,2721,3300,4.3636,0,0,0,0
5679,376,33,23,2721,3300,4.3636,0,0,0,0
5808,378,33,22,2721,3300,4.3636,0,0,0,0
5928,380,33,22,2721,3300,4.3636,0,0,0,0
6057,382,33,23,2721,3300,4.3636,0,0,0,0
6187,384,32,21,2621,3200,4.2750,0,0,0,0
6314,386,32,21,2621,3200,4.2750,0,0,0,0
6424,388,32,21,2621,3200,4.2750,0,0,0,0
6552,390,33,19,2649,3300,4.3636,0,0,0,0
6686,392,33,19,2649,3300,4.3636,0,0,0,0
6803,394,33,21,2649,3300,4.3636,0,0,0,0
6940,396,33,21,2649,3300,4.3636,0,0,0,0
7052,398,34,21,2741,3400,4.4471,0,0,0,0
7174,400,34,21,2747,3400,4.2353,0,0,0,0
7302,402,35,21,2847,3500,4.3200,0,0,0,0
7426,404,36,21,2947,3600,4.2000,0,0,0,0
7545,406,36,22,2947,3600,4.2000,0,0,0,0
7670,408,37,22,3007,3700,4.2811,0,0,0,0
7786,410,38,21,3107,3800,4.1684,0,0,0,0
7930,412,38,21,3107,3800,4.1684,0,0,0,0
8046,414,36,21,2946,3600,4,0,0,0,0
8164,416,38,21,3138,3800,4.1684,0,0,0,0
8287,418,37,21,3038,3700,4.2811,0,0,0,0
8414,420,36,21,2938,3600,4.4000,0,0,0,0
8546,422,35,21,2838,3500,4.3200,0,0,0,0
8670,424,34,22,2698,3400,4.2353,0,0,0,0
8779,426,34,23,2698,3400,4.2141,0,0,0,0
8901,428,33,23,2670,3300,4.1455,0,0,0,0
9027,430,33,23,2670,3300,4.1455,0,0,0,0
9149,432,33,24,2670,3300,4.1455,0,0,0,0
9278,434,34,24,2770,3400,4.2353,0,0,0,0
9399,436,34,24,2770,3400,4.2353,0,0,0,0
9524,438,35,24,2852,3500,4.3200,0,0,0,0
9643,440,35,23,2827,3500,4.3200,0,0,0,0
9766,442,36,22,2919,3600,4.4000,0,0,0,0
9902,444,35,22,2827,3500,4.3200,0,0,0,0
10020,446,37,22,3019,3700,4.4757,0,0,0,0
10120,448,28,23,2307,2800,4.1143,0,0,0,0
10215,450,1,23,92,100,7.2000,0,0,0,0
10531,452,47,22,4626,4700,5.7600,0,0,0,0
10763,454,66,22,6446,6600,5.6073,0,0,0,0
10867,456,66,23,6464,6600,5.5636,0,0,0,0
10984,458,67,22,6564,6700,5.5881,0,0,0,0
11112,460,68,21,6576,6800,5.6118,0,0,0,0
11248,462,68,20,6576,6800,5.6118,0,0,0,0
11362,464,65,21,6284,6500,5.5385,0,0,0,0
11488,466,66,21,6334,6600,5.5636,0,0,0,0
11617,468,66,22,6334,6600,5.5636,0,0,0,0
11738,470,65,24,6242,6500,5.5385,0,0,0,0
11853,472,65,24,6242,6500,5.5385,0,0,0,0
11997,474,65,26,6242,6500,5.5385,0,0,0,0
12096,476,64,26,6142,6400,5.6250,0,0,0,0
12225,478,64,25,6142,6400,5.6250,0,0,0,0
12329,480,64,25,6142,6400,5.2312,0,0,0,0
12449,482,63,25,6034,6300,5.4857,0,0,0,0
12569,484,62,23,5950,6200,5.4581,0,0,0,0
12697,486,64,24,6150,6400,5.5125,0,0,0,0
12822,488,63,23,6050,6300,5.4857,0,0,0,0
12952,490,61,23,5850,6100,5.5475,0,0,0,0
13073,492,60,23,5750,6000,5.6400,0,0,0,0
13202,494,57,23,5498,5700,5.6842,0,0,0,0
13301,496,57,23,5498,5700,5.6842,0,0,0,0
13427,498,57,23,5473,5700,5.6842,0,0,0,0
13554,500,56,23,5373,5600,5.9143,0,0,0,0
13682,502,56,24,5381,5600,5.9143,0,0,0,0
13801,504,55,25,5273,5500,5.8909,0,0,0,0
13934,506,54,26,5173,5400,5.8667,0,0,0,0
14051,508,55,26,5273,5500,5.6291,0,0,0,0
14175,510,55,26,5273,5500,5.6291,0,0,0,0
14293,512,55,26,5273,5500,5.6291,0,0,0,0
14416,514,53,25,5081,5300,5.5698,0,0,0,0
14539,516,53,25,5081,5300,5.5698,0,0,0,0
14666,518,51,25,4906,5100,5.6471,0,0,0,0
14788,520,51,25,4906,5100,5.6471,0,0,0,0
14915,522,51,25,4906,5100,5.6471,0,0,0,0
15033,524,51,25,4906,5100,5.6471,0,0,0,0
15164,526,51,24,4898,5100,5.6471,0,0,0,0
15287,528,53,25,5090,5300,5.7057,0,0,0,0
15411,530,54,25,5190,5400,5.7333,0,0,0,0
15535,532,54,26,5190,5400,5.7333,0,0,0,0
15652,534,53,26,5090,5300,5.7057,0,0,0,0
15780,536,53,25,5090,5300,5.7057,0,0,0,0
15910,538,53,26,5090,5300,5.7057,0,0,0,0
16024,540,52,26,4990,5200,5.6769,0,0,0,0
16147,542,52,25,4990,5200,5.5385,0,0,0,0
16276,544,52,25,4982,5200,5.6769,0,0,0,0
16397,546,50,27,4782,5000,5.7600,0,0,0,0
16520,548,50,28,4774,5000,5.7600,0,0,0,0
16643,550,49,29,4674,4900,5.7306,0,0,0,0
16769,552,49,29,4674,4900,5.7306,0,0,0,0
16889,554,46,28,4382,4600,5.7913,0,0,0,0
17018,556,45,28,4282,4500,5.6000,0,0,0,0
17149,558,43,28,4090,4300,5.5256,0,0,0,0
17263,560,43,27,4082,4300,5.5256,0,0,0,0
17391,562,46,27,4382,4600,5.6348,0,0,0,0
17514,564,45,27,4282,4500,5.6000,0,0,0,0
17638,566,45,26,4282,4500,5.6000,0,0,0,0
17759,568,44,25,4190,4400,5.7273,0,0,0,0
17884,570,45,25,4282,4500,5.7600,0,0,0,0
18013,572,46,25,4382,4600,5.7913,0,0,0,0
18133,574,45,22,4282,4500,5.7600,0,0,0,0
18262,576,44,22,4182,4400,5.7273,0,0,0,0
18380,578,44,23,4182,4400,5.7273,0,0,0,0
18503,580,43,23,4090,4300,5.6930,0,0,0,0
18626,582,43,23,4090,4300,5.6930,0,0,0,0
18755,584,43,23,4090,4300,5.6930,0,0,0,0
18871,586,43,23,4090,4300,5.6930,0,0,0,0
19001,588,45,23,4242,4500,5.6000,0,0,0,0
19128,590,47,23,4434,4700,5.5149,0,0,0,0
19250,592,49,23,4626,4900,5.4367,0,0,0,0
19370,594,53,23,5026,5300,5.2981,0,0,0,0
19507,596,52,24,4926,5200,5.2615,0,0,0,0
19613,598,53,24,5026,5300,5.2981,0,0,0,0
19738,600,54,23,5118,5400,5.2000,0,0,0,0
19866,602,54,25,5110,5400,5.2000,0,0,0,0
19983,604,55,25,5210,5500,5.2364,0,0,0,0
20108,606,56,25,5310,5600,5.4000,0,0,0,0
20232,608,56,24,5310,5600,5.4000,0,0,0,0
20351,610,57,26,5402,5700,5.4316,0,0,0,0
20481,612,58,25,5477,5800,5.4621,0,0,0,0
20599,614,61,25,5777,6100,5.5475,0,0,0,0
20728,616,61,25,5777,6100,5.5475,0,0,0,0
20852,618,61,25,5777,6100,5.5475,0,0,0,0
20976,620,60,26,5677,6000,5.5200,0,0,0,0
21097,622,62,26,5917,6200,5.6903,0,0,0,0
21222,624,62,25,5917,6200,5.8065,0,0,0,0
21340,626,60,25,5717,6000,5.7600,0,0,0,0
21469,628,60,24,5717,6000,5.7600,0,0,0,0
21593,630,60,25,5717,6000,5.7600,0,0,0,0
21719,632,61,25,5817,6100,5.7836,0,0,0,0
21848,634,62,26,5901,6200,5.6903,0,0,0,0
21964,636,64,26,6053,6400,5.6250,0,0,0,0
22096,638,63,25,5953,6300,5.6000,0,0,0,0
22215,640,63,25,5953,6300,5.6000,0,0,0,0
22350,642,63,25,5953,6300,5.6000,0,0,0,0
22463,644,62,25,5861,6200,5.5742,0,0,0,0
22586,646,62,25,5861,6200,5.5742,0,0,0,0
22713,648,62,24,5861,6200,5.5742,0,0,0,0
22834,650,63,26,5945,6300,5.6000,0,0,0,0
22957,652,64,26,6045,6400,5.6250,0,0,0,0
23088,654,67,26,6320,6700,5.6955,0,0,0,0
23207,656,67,25,6320,6700,5.6955,0,0,0,0
23340,658,66,24,6236,6600,5.6727,0,0,0,0
23461,660,66,24,6252,6600,5.6727,0,0,0,0
23582,662,65,25,6152,6500,5.5385,0,0,0,0
23703,664,67,26,6352,6700,5.5881,0,0,0,0
23831,666,66,25,6252,6600,5.6727,0,0,0,0
23936,668,64,25,6100,6400,5.5575,0,0,0,0
24058,670,64,25,6100,6400,5.8500,0,0,0,0
24185,672,64,25,6100,6400,5.8500,0,0,0,0
24310,674,64,25,6060,6400,5.8500,0,0,0,0
24431,676,65,26,6152,6500,5.8708,0,0,0,0
24567,678,64,27,6052,6400,5.8500,0,0,0,0
24681,680,65,27,6152,6500,5.8708,0,0,0,0
24810,682,65,26,6152,6500,5.8708,0,0,0,0
24927,684,66,26,6244,6600,5.8909,0,0,0,0
25058,686,68,25,6428,6800,5.9294,0,0,0,0
25163,688,67,24,6328,6700,6.0179,0,0,0,0
25290,690,68,24,6428,6800,6.0353,0,0,0,0
25413,692,69,23,6528,6900,5.9478,0,0,0,0
25537,694,67,24,6368,6700,5.9104,0,0,0,0
25660,696,67,24,6368,6700,5.9104,0,0,0,0
25790,698,68,24,6468,6800,5.8235,0,0,0,0
25918,700,69,24,6520,6900,5.7391,0,0,0,0
26031,702,69,23,6520,6900,5.7391,0,0,0,0
26158,704,69,23,6520,6900,5.7391,0,0,0,0
26278,706,68,24,6468,6800,5.8235,0,0,0,0
26403,708,68,24,6428,6800,5.9294,0,0,0,0
26526,710,68,24,6428,6800,5.9294,0,0,0,0
26658,712,67,24,6328,6700,6.0179,0,0,0,0
26776,714,67,25,6320,6700,6.0179,0,0,0,0
26883,716,67,23,6320,6700,6.0179,0,0,0,0
27006,718,67,24,6320,6700,6.0179,0,0,0,0
27136,720,67,24,6320,6700,6.0179,0,0,0,0
27259,722,66,25,6220,6600,6,0,0,0,0
27388,724,66,24,6220,6600,6,0,0,0,0
27503,726,65,23,6120,6500,5.9815,0,0,0,0
27635,728,65,24,6120,6500,5.9815,0,0,0,0
27755,730,64,23,6020,6400,5.9625,0,0,0,0
27879,732,64,21,6012,6400,5.9625,0,0,0,0
28014,734,64,22,6012,6400,5.9625,0,0,0,0
28144,736,65,23,6112,6500,5.9815,0,0,0,0
28255,738,64,22,6012,6400,5.9625,0,0,0,0
28365,740,64,22,6012,6400,5.9175,0,0,0,0
28492,742,62,22,5820,6200,5.9226,0,0,0,0
28618,744,63,21,5896,6300,5.9429,0,0,0,0
28741,746,64,22,5996,6400,5.9625,0,0,0,0
28861,748,63,21,5896,6300,5.9429,0,0,0,0
28981,750,62,19,5796,6200,5.9226,0,0,0,0
29107,752,62,18,5824,6200,5.9226,0,0,0,0
29234,754,61,18,5732,6100,5.9016,0,0,0,0
29362,756,61,19,5732,6100,5.9016,0,0,0,0
29477,758,61,19,5757,6100,5.9016,0,0,0,0
29604,760,61,19,5757,6100,5.9016,0,0,0,0
29732,762,61,19,5757,6100,5.9016,0,0,0,0
29852,764,58,18,5465,5800,5.9586,0,0,0,0
29975,766,57,19,5373,5700,5.9368,0,0,0,0
30097,768,56,22,5273,5600,5.9143,0,0,0,0
30226,770,57,22,5373,5700,5.9368,0,0,0,0
30358,772,57,23,5373,5700,5.9368,0,0,0,0
30479,774,56,24,5273,5600,5.9143,0,0,0,0
30601,776,52,23,4937,5200,5.9538,0,0,0,0
30720,778,51,24,4837,5100,6.0706,0,0,0,0
30847,780,54,24,5137,5400,6,0,0,0,0
30971,782,57,22,5381,5700,5.9368,0,0,0,0
31088,784,58,22,5481,5800,5.9586,0,0,0,0
31218,786,58,21,5481,5800,5.9586,0,0,0,0
31342,788,58,21,5481,5800,5.9586,0,0,0,0
31472,790,58,20,5481,5800,5.9586,0,0,0,0
31593,792,59,20,5556,5900,5.9797,0,0,0,0
31716,794,58,19,5456,5800,5.9586,0,0,0,0
31839,796,59,20,5556,5900,5.8576,0,0,0,0
31962,798,60,21,5648,6000,5.7600,0,0,0,0
32087,800,59,20,5588,5900,5.7356,0,0,0,0
32214,802,58,20,5488,5800,5.7103,0,0,0,0
32339,804,58,20,5480,5800,5.7103,0,0,0,0
32464,806,60,20,5680,6000,5.6400,0,0,0,0
32587,808,61,20,5780,6100,5.6656,0,0,0,0
32717,810,63,20,5980,6300,5.7143,0,0,0,0
32842,812,64,20,6080,6400,5.7375,0,0,0,0
32936,814,65,21,6130,6500,5.6382,0,0,0,0
33065,816,66,22,6182,6600,5.6727,0,0,0,0
33187,818,66,21,6182,6600,5.6727,0,0,0,0
33309,820,68,21,6382,6800,5.7176,0,0,0,0
33436,822,69,21,6482,6900,5.7391,0,0,0,0
33559,824,71,20,6666,7100,5.7803,0,0,0,0
33685,826,72,20,6766,7200,5.8000,0,0,0,0
33811,828,72,21,6766,7200,5.7000,0,0,0,0
33936,830,71,20,6666,7100,5.6789,0,0,0,0
34063,832,71,21,6666,7100,5.6789,0,0,0,0
34180,834,71,22,6666,7100,5.6789,0,0,0,0
34309,836,71,22,6666,7100,5.6789,0,0,0,0
34431,838,70,22,6574,7000,5.6571,0,0,0,0
34552,840,69,22,6474,6900,5.6348,0,0,0,0
34677,842,69,22,6474,6900,5.6348,0,0,0,0
34802,844,70,22,6574,7000,5.5543,0,0,0,0
34943,846,70,23,6574,7000,5.5543,0,0,0,0
35040,848,71,22,6674,7100,5.4659,0,0,0,0
35164,850,72,22,6774,7200,5.6000,0,0,0,0
35322,852,13,21,1228,1300,4.9846,0,0,0,0
35426,854,1,21,92,100,7.2000,0,0,0,0
36082,856,58,22,5649,5800,5.8221,0,0,0,0
36217,858,63,22,6141,6300,5.9429,0,0,0,0
36330,860,61,22,5949,6100,5.8308,0,0,0,0
36437,862,62,21,6049,6200,5.8065,0,0,0,0
36565,864,62,20,6017,6200,5.8065,0,0,0,0
36702,866,61,20,5917,6100,5.7836,0,0,0,0
36812,868,58,20,5617,5800,5.8345,0,0,0,0
36934,870,58,20,5625,5800,5.8345,0,0,0,0
37072,872,57,20,5525,5700,5.8105,0,0,0,0
37169,874,57,19,5525,5700,5.8105,0,0,0,0
37295,876,58,20,5601,5800,5.8345,0,0,0,0
37414,878,58,20,5601,5800,5.8345,0,0,0,0
37552,880,59,19,5668,5900,5.8576,0,0,0,0
37663,882,60,19,5732,6000,5.8800,0,0,0,0
37783,884,58,19,5548,5800,5.9090,0,0,0,0
37899,886,56,19,5348,5600,5.9143,0,0,0,0
38015,888,56,19,5340,5600,5.9143,0,0,0,0
38136,890,55,19,5240,5500,5.8909,0,0,0,0
38257,892,54,19,5140,5400,5.8667,0,0,0,0
38381,894,54,20,5170,5400,5.8667,0,0,0,0
38509,896,56,22,5370,5600,5.9143,0,0,0,0
38628,898,57,22,5470,5700,5.9368,0,0,0,0
38753,900,58,22,5595,5800,5.9586,0,0,0,0
38895,902,58,23,5587,5800,5.9586,0,0,0,0
39011,904,59,23,5687,5900,5.9797,0,0,0,0
39132,906,58,23,5587,5800,5.9586,0,0,0,0
39255,908,56,23,5387,5600,6.0429,0,0,0,0
39374,910,55,23,5279,5500,6.0218,0,0,0,0
39505,912,53,23,5079,5300,5.9774,0,0,0,0
39620,914,53,23,5079,5300,5.9774,0,0,0,0
39744,916,53,23,5079,5300,5.9774,0,0,0,0
39872,918,51,23,4879,5100,5.9294,0,0,0,0
39995,920,51,23,4879,5100,5.9294,0,0,0,0
40126,922,50,23,4779,5000,5.9040,0,0,0,0
40241,924,50,23,4779,5000,5.7888,0,0,0,0
40356,926,50,23,4779,5000,5.9040,0,0,0,0
40483,928,50,23,4787,5000,5.7600,0,0,0,0
40599,930,50,23,4787,5000,5.7600,0,0,0,0
40724,932,48,23,4587,4800,5.7000,0,0,0,0
40848,934,48,21,4587,4800,5.7000,0,0,0,0
40973,936,48,20,4587,4800,5.7000,0,0,0,0
41092,938,48,20,4587,4800,5.7000,0,0,0,0
41221,940,49,19,4687,4900,5.7306,0,0,0,0
41345,942,50,19,4787,5000,5.7600,0,0,0,0
41467,944,50,19,4787,5000,5.7600,0,0,0,0
41592,946,48,19,4605,4800,5.7000,0,0,0,0
41715,948,48,20,4605,4800,5.7000,0,0,0,0
41842,950,48,21,4605,4800,5.7000,0,0,0,0
41945,952,48,21,4605,4800,5.7000,0,0,0,0
42076,954,50,22,4745,5000,5.6160,0,0,0,0
42205,956,50,22,4745,5000,5.6160,0,0,0,0
42320,958,50,22,4737,5000,5.6160,0,0,0,0
42445,960,50,22,4737,5000,5.6160,0,0,0,0
42569,962,49,22,4637,4900,5.5837,0,0,0,0
42694,964,48,22,4537,4800,5.7000,0,0,0,0
42809,966,48,22,4537,4800,5.5800,0,0,0,0
42924,968,51,22,4837,5100,5.6471,0,0,0,0
43049,970,52,22,4937,5200,5.6769,0,0,0,0
43184,972,52,22,4937,5200,5.6769,0,0,0,0
43301,974,52,21,4937,5200,5.6769,0,0,0,0
43438,976,51,21,4837,5100,5.6471,0,0,0,0
43550,978,51,21,4875,5100,5.7882,0,0,0,0
43637,980,51,21,4875,5100,5.7318,0,0,0,0
43772,982,51,21,4875,5100,5.7882,0,0,0,0
43885,984,52,21,4975,5200,5.8154,0,0,0,0
44021,986,52,20,4975,5200,5.8154,0,0,0,0
44143,988,52,19,4975,5200,5.8154,0,0,0,0
44262,990,52,18,4975,5200,5.8154,0,0,0,0
44400,992,52,18,4975,5200,5.8154,0,0,0,0
44500,994,54,19,5159,5400,5.7200,0,0,0,0
44627,996,53,19,5073,5300,5.7057,0,0,0,0
44743,998,54,18,5173,5400,5.7333,0,0,0,0
44875,1000,55,18,5273,5500,5.7600,0,0,0,0
44998,1002,55,18,5273,5500,5.7600,0,0,0,0
