ts,shard,players,tick_avg,tick_p50,tick_p95,tick_max,sec_gameplay,sec_snapshot,hist_sum,hist_count,slow_total,slow_ratio,ms_max,split_collect,split_encode,split_send,wire_bytes,wire_bps,wire_bpp,frames_json,frames_binary,binary_ratio,snap_sent,snap_bytes,rej_inputrate,rej_burst,rej_speed,rej_teleport,rej_shadowban,freeMB
0,shard-0,0,0.270,0.181,0.672,5.690,0.053,0.021,80.745,299,0,0.000000,5.690,0.000,0.000,0.000,0,0.000,0.000,0,0,0.000000,0,0,0,0,0,0,0,1440
0,shard-1,0,0.256,0.186,0.698,3.586,0.042,0.021,75.900,296,0,0.000000,3.586,0.000,0.001,0.000,0,0.000,0.000,0,0,0.000000,0,0,0,0,0,0,0,1440
0,shard-2,0,0.266,0.177,0.824,5.296,0.044,0.022,78.595,296,0,0.000000,5.296,0.000,0.001,0.000,0,0.000,0.000,0,0,0.000000,0,0,0,0,0,0,0,1440
0,shard-3,0,0.266,0.179,0.666,5.641,0.043,0.021,78.351,295,0,0.000000,5.641,0.000,0.001,0.000,0,0.000,0.000,0,0,0.000000,0,0,0,0,0,0,0,1440
0,shard-4,0,0.263,0.189,0.838,3.221,0.040,0.026,77.558,295,0,0.000000,3.221,0.000,0.000,0.000,0,0.000,0.000,0,0,0.000000,0,0,0,0,0,0,0,1440
6,shard-0,0,0.257,0.182,0.638,5.690,0.048,0.021,103.918,405,0,0.000000,5.690,0.000,0.001,0.000,0,0.000,0.000,0,0,0.000000,0,0,0,0,0,0,0,1431
6,shard-1,0,0.263,0.189,0.638,4.051,0.043,0.021,105.478,401,0,0.000000,4.051,0.000,0.001,0.000,0,0.000,0.000,0,0,0.000000,0,0,0,0,0,0,0,1431
6,shard-2,0,0.245,0.175,0.648,5.296,0.040,0.020,98.303,401,0,0.000000,5.296,0.000,0.001,0.000,0,0.000,0.000,0,0,0.000000,0,0,0,0,0,0,0,1431
6,shard-3,0,0.257,0.182,0.633,5.641,0.040,0.020,102.911,401,0,0.000000,5.641,0.000,0.001,0.000,0,0.000,0.000,0,0,0.000000,0,0,0,0,0,0,0,1431
6,shard-4,0,0.256,0.195,0.758,3.221,0.039,0.024,102.583,401,0,0.000000,3.221,0.000,0.001,0.000,0,0.000,0.000,0,0,0.000000,0,0,0,0,0,0,0,1431
11,shard-0,169,0.859,0.182,0.628,242.924,0.599,0.070,429.618,500,2,0.004000,242.924,0.015,0.062,0.023,1099214,366404.667,2168.075,0,20011,1.000000,271,299420,1144,0,0,0,0,1341
11,shard-1,0,0.255,0.181,0.596,4.051,0.042,0.020,135.949,533,0,0.000000,4.051,0.000,0.001,0.000,0,0.000,0.000,0,0,0.000000,0,0,0,0,0,0,0,1341
11,shard-2,0,0.237,0.173,0.604,1.603,0.039,0.020,126.474,533,0,0.000000,5.296,0.000,0.001,0.000,0,0.000,0.000,0,0,0.000000,0,0,0,0,0,0,0,1341
11,shard-3,0,0.248,0.182,0.545,5.641,0.041,0.020,132.021,532,0,0.000000,5.641,0.000,0.001,0.000,0,0.000,0.000,0,0,0.000000,0,0,0,0,0,0,0,1341
11,shard-4,0,0.245,0.182,0.597,1.679,0.038,0.022,130.605,532,0,0.000000,3.221,0.000,0.001,0.000,0,0.000,0.000,0,0,0.000000,0,0,0,0,0,0,0,1341
17,shard-0,200,7.052,0.243,54.436,242.924,4.563,2.054,4196.128,595,32,0.053782,242.924,0.801,1.687,1.508,11838034,1315337.111,6576.686,0,92054,1.000000,9695,7827011,8390,48,0,0,0,1164
17,shard-1,0,0.262,0.193,0.627,4.660,0.042,0.027,167.384,640,0,0.000000,4.660,0.000,0.001,0.000,0,0.000,0.000,0,0,0.000000,0,0,0,0,0,0,0,1164
17,shard-2,0,0.236,0.175,0.554,1.603,0.039,0.020,150.911,640,0,0.000000,5.296,0.000,0.001,0.000,0,0.000,0.000,0,0,0.000000,0,0,0,0,0,0,0,1164
17,shard-3,0,0.264,0.186,0.575,5.396,0.042,0.020,169.084,640,0,0.000000,5.641,0.000,0.001,0.000,0,0.000,0.000,0,0,0.000000,0,0,0,0,0,0,0,1164
17,shard-4,0,0.247,0.189,0.604,1.482,0.038,0.022,157.623,639,0,0.000000,3.221,0.000,0.001,0.000,0,0.000,0.000,0,0,0.000000,0,0,0,0,0,0,0,1164
23,shard-0,200,11.978,0.352,67.682,242.924,7.650,3.807,8420.229,703,60,0.085349,242.924,1.479,3.108,2.859,22697508,1621250.571,8106.253,0,154396,1.000000,20495,16166335,12788,48,0,0,0,1037
23,shard-1,200,1.144,0.199,0.645,367.843,0.798,0.144,811.328,709,3,0.004231,367.843,0.032,0.159,0.041,1687886,421971.500,2109.858,0,29419,1.000000,439,522705,4595,105,0,0,0,1037
23,shard-2,0,0.247,0.174,0.579,4.895,0.040,0.022,189.856,769,0,0.000000,5.296,0.000,0.001,0.000,0,0.000,0.000,0,0,0.000000,0,0,0,0,0,0,0,1037
23,shard-3,0,0.262,0.194,0.612,5.396,0.042,0.020,201.460,768,0,0.000000,5.641,0.000,0.001,0.000,0,0.000,0.000,0,0,0.000000,0,0,0,0,0,0,0,1037
23,shard-4,0,0.250,0.196,0.608,1.125,0.040,0.023,191.959,769,0,0.000000,3.221,0.000,0.001,0.000,0,0.000,0.000,0,0,0.000000,0,0,0,0,0,0,0,1037
29,shard-0,200,16.503,21.389,76.547,242.924,10.532,5.321,13680.784,829,102,0.123040,242.924,2.106,4.277,4.038,34436276,1951720.800,9758.604,0,225883,1.000000,33095,24897128,20467,48,0,0,0,1060
29,shard-1,200,6.790,0.262,61.500,367.843,4.447,1.908,5472.515,806,43,0.053350,367.843,0.713,1.580,1.379,11942857,1194285.700,5971.428,0,95177,1.000000,10239,7769126,13189,105,0,0,0,1060
29,shard-2,0,0.248,0.178,0.611,4.895,0.041,0.022,217.665,879,0,0.000000,5.296,0.000,0.001,0.000,0,0.000,0.000,0,0,0.000000,0,0,0,0,0,0,0,1060
29,shard-3,0,0.262,0.198,0.624,5.396,0.042,0.021,229.685,878,0,0.000000,5.641,0.000,0.001,0.000,0,0.000,0.000,0,0,0.000000,0,0,0,0,0,0,0,1060
29,shard-4,0,0.249,0.206,0.608,1.125,0.040,0.023,218.509,879,0,0.000000,3.221,0.000,0.001,0.000,0,0.000,0.000,0,0,0.000000,0,0,0,0,0,0,0,1060
35,shard-0,200,20.065,34.095,83.708,242.924,12.823,6.412,18480.124,921,146,0.158523,242.924,2.578,5.148,4.834,43532465,1718871.667,8594.358,0,281995,1.000000,42295,31621917,30932,48,0,0,0,870
35,shard-1,200,11.405,0.370,86.147,367.843,7.337,3.536,10321.309,905,90,0.099448,367.843,1.408,2.809,2.646,20536808,1369120.533,6845.603,0,150470,1.000000,20039,14131952,23864,105,0,0,0,870
35,shard-2,200,1.303,0.191,0.687,346.497,0.902,0.203,1202.517,923,6,0.006501,346.497,0.053,0.211,0.092,2078222,519555.500,2597.778,0,31592,1.000000,731,845498,6397,169,0,0,0,870
35,shard-3,0,0.273,0.213,0.669,8.542,0.046,0.021,272.063,995,0,0.000000,8.542,0.000,0.000,0.000,0,0.000,0.000,0,0,0.000000,0,0,0,0,0,0,0,870
35,shard-4,0,0.258,0.232,0.634,6.072,0.045,0.024,256.504,995,0,0.000000,6.072,0.000,0.001,0.000,0,0.000,0.000,0,0,0.000000,0,0,0,0,0,0,0,870
41,shard-0,200,22.968,42.416,88.192,143.249,14.626,7.454,23565.505,1026,196,0.191033,242.924,3.005,5.974,5.601,54013037,1690647.267,8453.236,0,341528,1.000000,52895,39701764,40833,48,0,0,0,761
41,shard-1,200,15.243,17.500,94.289,367.843,9.817,4.762,15334.776,1006,139,0.138171,367.843,1.980,3.751,3.541,30427374,1614183.533,8070.918,0,210011,1.000000,30239,21557793,34888,105,0,0,0,761
41,shard-2,200,6.114,0.276,69.114,346.497,3.970,1.732,6199.891,1014,55,0.054241,346.497,0.648,1.394,1.302,11645197,1164519.700,5822.599,0,90301,1.000000,9931,7702148,17471,169,0,0,0,761
41,shard-3,0,0.275,0.231,0.676,8.542,0.048,0.022,306.728,1114,0,0.000000,8.542,0.000,0.000,0.000,0,0.000,0.000,0,0,0.000000,0,0,0,0,0,0,0,761
41,shard-4,0,0.270,0.241,0.697,8.002,0.045,0.029,301.162,1117,0,0.000000,8.002,0.000,0.000,0.000,0,0.000,0.000,0,0,0.000000,0,0,0,0,0,0,0,761
47,shard-0,200,26.032,44.569,99.434,146.872,16.492,8.491,28999.891,1114,248,0.222621,242.924,3.437,6.813,6.360,63164277,1596839.733,7984.199,0,393806,1.000000,61695,46669254,53795,48,0,0,0,578
47,shard-1,200,18.982,36.692,101.765,367.843,12.199,6.002,20728.001,1092,196,0.179487,367.843,2.564,4.649,4.479,38587521,1495313.467,7476.567,0,260919,1.000000,38839,27582240,47216,105,0,0,0,578
47,shard-2,200,10.601,0.396,101.731,346.497,6.848,3.226,11692.383,1103,106,0.096102,346.497,1.232,2.562,2.459,19758440,1272139.000,6360.695,0,141971,1.000000,18731,13720841,31256,169,0,0,0,578
47,shard-3,200,2.040,0.248,1.472,437.806,1.304,0.490,2348.572,1151,14,0.012163,437.806,0.164,0.455,0.298,3605030,515004.286,2575.021,0,39648,1.000000,2221,2047758,9085,172,0,0,0,578
47,shard-4,0,0.278,0.264,0.782,8.002,0.051,0.030,346.021,1243,0,0.000000,8.002,0.000,0.001,0.000,0,0.000,0.000,0,0,0.000000,0,0,0,0,0,0,0,578
53,shard-0,200,28.369,48.701,104.910,146.872,17.649,9.566,34411.724,1213,298,0.245672,242.924,3.863,7.782,7.078,73636197,1469079.067,7345.395,0,442299,1.000000,71495,55110849,66211,48,0,0,0,434
53,shard-1,200,22.423,49.115,111.102,367.843,14.356,7.183,26570.927,1185,253,0.213502,367.843,3.046,5.613,5.354,47630934,1340148.000,6700.740,0,313991,1.000000,48039,34470453,60698,105,0,0,0,434
53,shard-2,200,14.694,17.010,110.208,346.497,9.485,4.507,17471.669,1189,162,0.136249,346.497,1.866,3.541,3.367,27948111,1170609.800,5853.049,0,194657,1.000000,27331,19689962,45411,169,0,0,0,434
53,shard-3,200,6.739,0.308,106.730,437.806,4.226,2.095,8336.052,1237,65,0.052546,437.806,0.813,1.769,1.474,12784977,913212.643,4566.063,0,93124,1.000000,10821,8795605,24529,172,0,0,0,434
53,shard-4,200,0.891,0.274,0.976,400.968,0.519,0.160,1199.874,1346,3,0.002229,400.968,0.049,0.168,0.037,1467787,244631.167,1223.156,0,25942,1.000000,415,548479,5960,218,0,0,83,434
63,shard-0,200,31.960,53.016,119.943,184.293,19.688,11.028,42442.223,1328,371,0.279367,242.924,4.559,8.950,8.084,86310999,1380080.467,6900.402,0,505989,1.000000,83095,65153801,84068,48,0,0,0,303
63,shard-1,200,26.680,56.747,121.091,192.590,16.693,8.864,34763.484,1303,330,0.253262,367.843,3.792,6.974,6.506,59264694,1156706.133,5783.531,0,376506,1.000000,59839,43462738,79591,105,0,0,0,303
63,shard-2,200,19.661,45.002,131.050,346.497,12.603,6.218,25480.155,1296,235,0.181327,346.497,2.682,4.889,4.569,38183157,1053992.333,5269.962,0,256753,1.000000,38131,27393808,64052,169,0,0,0,303
63,shard-3,200,12.009,0.506,121.103,437.806,7.413,4.007,16212.558,1350,138,0.102222,437.806,1.586,3.294,2.869,23584364,1102656.800,5513.284,0,154606,1.000000,22221,17073342,42546,172,0,0,0,303
63,shard-4,200,4.595,0.305,99.330,400.968,3.002,1.191,6442.840,1402,44,0.031384,400.968,0.457,1.018,0.771,8103744,623364.923,3116.825,0,76652,1.000000,5973,4922650,23175,274,0,0,84,303
71,shard-0,11,34.122,55.475,127.123,184.293,21.028,11.768,48350.689,1417,425,0.299929,242.924,4.881,9.641,8.514,95773206,1237737.667,112521.606,0,554849,1.000000,91495,72570268,97790,48,0,0,0,477
71,shard-1,200,29.373,60.440,127.656,192.590,18.317,9.870,40799.308,1389,388,0.279338,367.843,4.248,7.821,7.160,68427857,1187075.600,5935.378,0,426594,1.000000,68439,50573101,94126,105,0,0,0,477
71,shard-2,200,22.759,55.580,139.177,346.497,14.588,7.174,31293.230,1375,288,0.209455,346.497,3.063,5.681,5.262,46390935,1007740.400,5038.702,0,307836,1.000000,45931,33405511,78788,169,0,0,0,477
71,shard-3,200,15.471,24.573,130.764,437.806,9.633,5.147,22217.025,1436,197,0.137187,437.806,2.068,4.187,3.711,32365479,1137046.533,5685.233,0,205093,1.000000,30821,23807882,57113,172,0,0,0,477
71,shard-4,200,8.143,0.372,114.858,400.968,5.251,2.388,12060.365,1481,98,0.066172,400.968,0.957,1.973,1.679,16005064,969165.400,4845.827,0,123707,1.000000,13773,10858995,37836,274,0,0,84,477
77,shard-0,0,31.320,42.702,127.123,184.293,19.282,10.797,48421.407,1546,425,0.274903,242.924,4.470,8.830,7.798,95773206,699777.667,699777.667,0,554849,1.000000,91495,72570268,97790,48,0,0,0,351
77,shard-1,200,31.298,61.919,130.257,192.590,19.506,10.575,46289.709,1479,444,0.300203,367.843,4.559,8.374,7.677,78130861,1299423.800,6497.119,0,479269,1.000000,77439,58088030,107454,105,0,0,0,351
77,shard-2,200,25.014,60.217,139.055,214.198,15.911,8.007,36620.276,1464,340,0.232240,346.497,3.423,6.350,5.849,55384787,1198192.200,5990.961,0,358521,1.000000,54931,40316238,92067,169,0,0,0,351
77,shard-3,200,18.003,45.805,133.771,437.806,11.294,5.951,27419.023,1523,247,0.162180,437.806,2.432,4.830,4.292,40800314,1246038.067,6230.190,0,257163,1.000000,39421,30051367,69542,172,0,0,0,351
77,shard-4,200,10.984,0.719,123.044,400.968,6.960,3.423,17223.222,1568,148,0.094388,400.968,1.396,2.826,2.419,24750842,1239084.400,6195.422,0,171987,1.000000,22573,17625773,51314,274,0,0,84,351
83,shard-0,0,29.093,4.527,119.943,184.293,17.899,10.025,48468.888,1666,425,0.255102,242.924,4.148,8.194,7.236,95773206,198483.000,198483.000,0,554849,1.000000,91495,72570268,97790,48,0,0,0,626
83,shard-1,0,31.413,60.937,129.958,192.590,19.564,10.642,49224.076,1567,473,0.301851,367.843,4.604,8.466,7.671,83552317,1238375.067,1238375.067,0,509388,1.000000,82132,62248152,114474,105,0,0,0,626
83,shard-2,200,26.792,60.749,136.555,214.198,17.041,8.622,41581.885,1552,389,0.250644,346.497,3.680,6.852,6.303,64588001,1369327.267,6846.636,0,412007,1.000000,63731,47291502,104123,169,0,0,0,626
83,shard-3,200,20.037,60.484,133.771,437.806,12.466,6.751,32539.658,1624,297,0.182882,437.806,2.793,5.457,4.873,50422078,1415351.000,7076.755,0,311651,1.000000,49621,37454731,81584,172,0,0,0,626
83,shard-4,200,13.453,32.941,124.784,400.968,8.512,4.288,22291.853,1657,199,0.120097,400.968,1.792,3.501,3.054,33898401,1398350.000,6991.750,0,224274,1.000000,31373,24629357,63738,274,0,0,84,626
89,shard-0,0,27.221,0.518,106.958,182.393,16.739,9.376,48508.053,1782,425,0.238496,242.924,3.878,7.661,6.765,95773206,0.000,0.000,0,554849,1.000000,91495,72570268,97790,48,0,0,0,545
89,shard-1,0,29.255,42.720,128.058,192.590,18.211,9.908,49265.281,1684,473,0.280879,367.843,4.281,7.872,7.134,83552317,674267.733,674267.733,0,509388,1.000000,82132,62248152,114474,105,0,0,0,545
89,shard-2,200,28.177,59.481,133.356,214.198,17.908,9.098,46576.532,1653,441,0.266788,346.497,3.879,7.236,6.671,74729987,1603998.067,8019.990,0,472706,1.000000,73731,54899013,115282,169,0,0,0,545
89,shard-3,200,21.776,59.163,127.169,212.332,13.546,7.324,37520.899,1723,347,0.201393,437.806,3.073,5.891,5.294,60507105,1536436.867,7682.184,0,370757,1.000000,59421,44993108,92447,172,0,0,0,545
89,shard-4,200,15.501,47.547,125.004,400.968,9.711,5.082,27343.631,1764,242,0.137188,400.968,2.138,4.104,3.656,44395538,1569171.067,7845.855,0,282230,1.000000,42173,32763594,74386,274,0,0,84,545
95,shard-0,0,25.550,0.392,13.927,155.837,15.703,8.797,48545.931,1900,425,0.223684,242.924,3.637,7.185,6.345,95773206,0.000,0.000,0,554849,1.000000,91495,72570268,97790,48,0,0,0,706
95,shard-1,0,27.374,0.794,111.528,192.590,17.032,9.268,49300.371,1801,473,0.262632,367.843,4.005,7.365,6.674,83552317,37480.667,37480.667,0,509388,1.000000,82132,62248152,114474,105,0,0,0,706
95,shard-2,0,27.658,50.712,120.638,214.198,17.573,8.948,48400.980,1750,457,0.261143,346.497,3.807,7.116,6.556,78033816,1262280.667,1262280.667,0,495488,1.000000,77002,57296429,118670,169,0,0,0,706
95,shard-3,200,23.219,54.487,120.516,202.092,14.443,7.838,42282.217,1821,389,0.213619,437.806,3.255,6.294,5.702,70840170,1727579.467,8637.897,0,429169,1.000000,69221,52899073,100636,172,0,0,0,706
95,shard-4,200,17.279,54.569,116.183,324.592,10.756,5.776,32277.577,1868,290,0.155246,400.968,2.416,4.621,4.208,54586090,1670016.333,8350.082,0,341154,1.000000,52573,40559246,85379,274,0,0,84,706
101,shard-0,0,24.125,0.326,0.935,3.454,14.818,8.303,48587.413,2014,425,0.211023,242.924,3.431,6.778,5.986,95773206,0.000,0.000,0,554849,1.000000,91495,72570268,97790,48,0,0,0,786
101,shard-1,0,25.763,0.397,90.572,149.766,16.022,8.721,49336.617,1915,473,0.246997,367.843,3.767,6.926,6.277,83552317,0.000,0.000,0,509388,1.000000,82132,62248152,114474,105,0,0,0,786
101,shard-2,0,25.989,32.931,104.024,165.301,16.505,8.405,48443.570,1864,457,0.245172,346.497,3.575,6.681,6.155,78033816,570961.133,570961.133,0,495488,1.000000,77002,57296429,118670,169,0,0,0,786
101,shard-3,200,24.334,48.676,105.755,173.031,15.116,8.242,47061.292,1934,433,0.223888,437.806,3.421,6.626,6.000,82855960,1833331.867,9166.659,0,495324,1.000000,80621,62101188,109057,172,0,0,0,786
101,shard-4,200,18.642,47.547,98.644,181.188,11.566,6.278,36836.965,1976,325,0.164474,400.968,2.626,4.989,4.616,65788010,1813732.000,9068.660,0,404235,1.000000,63373,49098941,91995,274,0,0,84,786
106,shard-0,0,22.869,0.283,0.826,2.230,14.041,7.868,48619.271,2126,425,0.199906,242.924,3.251,6.421,5.670,95773206,0.000,0.000,0,554849,1.000000,91495,72570268,97790,48,0,0,0,932
106,shard-1,0,24.356,0.290,1.068,109.367,15.143,8.242,49369.723,2027,473,0.233350,367.843,3.559,6.544,5.930,83552317,0.000,0.000,0,509388,1.000000,82132,62248152,114474,105,0,0,0,932
106,shard-2,0,24.532,0.579,85.262,165.301,15.574,7.931,48474.349,1976,457,0.231275,346.497,3.372,6.302,5.806,78033816,10050.200,10050.200,0,495488,1.000000,77002,57296429,118670,169,0,0,0,932
106,shard-3,0,23.721,41.173,91.070,154.896,14.756,8.015,48271.536,2035,445,0.218673,437.806,3.337,6.439,5.834,85380358,1431925.133,1431925.133,0,515428,1.000000,83048,63825141,110906,172,0,0,0,932
106,shard-4,200,19.842,44.248,91.726,155.246,12.380,6.634,41331.355,2083,363,0.174268,400.968,2.780,5.246,4.917,76675258,1878235.800,9391.179,0,474835,1.000000,73973,56931589,100358,274,0,0,84,932
112,shard-0,0,21.757,0.276,0.763,2.230,13.353,7.483,48647.838,2236,425,0.190072,242.924,3.091,6.105,5.391,95773206,0.000,0.000,0,554849,1.000000,91495,72570268,97790,48,0,0,0,1052
112,shard-1,0,23.121,0.269,0.738,4.841,14.368,7.820,49409.649,2137,473,0.221338,367.843,3.375,6.207,5.624,83552317,0.000,0.000,0,509388,1.000000,82132,62248152,114474,105,0,0,0,1052
112,shard-2,0,23.252,0.321,69.604,165.301,14.756,7.516,48503.588,2086,457,0.219080,346.497,3.194,5.970,5.500,78033816,0.000,0.000,0,495488,1.000000,77002,57296429,118670,169,0,0,0,1052
112,shard-3,0,22.510,23.462,84.586,154.896,13.998,7.602,48306.678,2146,445,0.207363,437.806,3.162,6.103,5.530,85380358,653528.200,653528.200,0,515428,1.000000,83048,63825141,110906,172,0,0,0,1052
112,shard-4,200,20.549,38.988,85.596,155.246,12.809,6.895,45022.580,2191,383,0.174806,400.968,2.896,5.417,5.148,87427687,1949087.867,9745.439,0,541766,1.000000,84773,64814543,104048,274,0,0,84,1052
117,shard-0,0,20.783,0.263,0.674,2.230,12.751,7.146,48672.733,2342,425,0.181469,242.924,2.951,5.829,5.147,95773206,0.000,0.000,0,554849,1.000000,91495,72570268,97790,48,0,0,0,1220
117,shard-1,0,22.043,0.248,0.705,4.841,13.692,7.454,49443.484,2243,473,0.210878,367.843,3.216,5.913,5.358,83552317,0.000,0.000,0,509388,1.000000,82132,62248152,114474,105,0,0,0,1220
117,shard-2,0,22.148,0.200,0.858,84.467,14.051,7.158,48526.373,2191,457,0.208581,346.497,3.042,5.687,5.239,78033816,0.000,0.000,0,495488,1.000000,77002,57296429,118670,169,0,0,0,1220
117,shard-3,0,21.481,0.551,73.560,135.306,13.353,7.253,48332.611,2250,445,0.197778,437.806,3.016,5.820,5.274,85380358,6918.067,6918.067,0,515428,1.000000,83048,63825141,110906,172,0,0,0,1220
117,shard-4,0,19.909,33.098,79.294,117.519,12.409,6.679,45652.193,2293,387,0.168775,400.968,2.809,5.241,4.989,89026335,1386400.867,1386400.867,0,554858,1.000000,86415,65938319,104529,274,0,0,84,1220
122,shard-0,0,19.900,0.259,0.635,2.230,12.206,6.841,48696.387,2447,425,0.173682,242.924,2.825,5.581,4.929,95773206,0.000,0.000,0,554849,1.000000,91495,72570268,97790,48,0,0,0,1330
122,shard-1,0,21.077,0.230,0.712,4.841,13.087,7.125,49467.712,2347,473,0.201534,367.843,3.073,5.651,5.121,83552317,0.000,0.000,0,509388,1.000000,82132,62248152,114474,105,0,0,0,1330
122,shard-2,0,21.144,0.187,0.689,5.942,13.410,6.832,48546.898,2296,457,0.199042,346.497,2.902,5.424,4.997,78033816,0.000,0.000,0,495488,1.000000,77002,57296429,118670,169,0,0,0,1330
122,shard-3,0,20.527,0.348,59.269,103.714,12.755,6.928,48361.307,2356,445,0.188879,437.806,2.881,5.559,5.037,85380358,0.000,0.000,0,515428,1.000000,83048,63825141,110906,172,0,0,0,1330
122,shard-4,0,19.047,21.191,71.011,117.519,11.868,6.388,45674.212,2398,387,0.161384,400.968,2.685,5.009,4.768,89026335,710536.533,710536.533,0,554858,1.000000,86415,65938319,104529,274,0,0,84,1330
127,shard-0,0,19.091,0.235,0.567,1.251,11.706,6.561,48719.738,2552,425,0.166536,242.924,2.708,5.349,4.724,95773206,0.000,0.000,0,554849,1.000000,91495,72570268,97790,48,0,0,0,1300
127,shard-1,0,20.176,0.220,0.712,4.841,12.524,6.819,49492.310,2453,473,0.192825,367.843,2.940,5.407,4.899,83552317,0.000,0.000,0,509388,1.000000,82132,62248152,114474,105,0,0,0,1300
127,shard-2,0,20.229,0.181,0.621,3.221,12.826,6.536,48570.636,2401,457,0.190337,346.497,2.776,5.189,4.780,78033816,0.000,0.000,0,495488,1.000000,77002,57296429,118670,169,0,0,0,1300
127,shard-3,0,19.662,0.274,0.815,82.857,12.213,6.634,48387.745,2461,445,0.180821,437.806,2.759,5.324,4.824,85380358,0.000,0.000,0,515428,1.000000,83048,63825141,110906,172,0,0,0,1300
127,shard-4,0,18.249,0.383,61.069,117.519,11.368,6.120,45696.079,2504,387,0.154553,400.968,2.571,4.797,4.566,89026335,0.000,0.000,0,554858,1.000000,86415,65938319,104529,274,0,0,84,1300
133,shard-0,0,18.345,0.217,0.521,2.783,11.245,6.303,48743.748,2657,425,0.159955,242.924,2.602,5.140,4.539,95773206,0.000,0.000,0,554849,1.000000,91495,72570268,97790,48,0,0,0,1439
133,shard-1,0,19.358,0.221,0.712,4.841,12.013,6.540,49518.442,2558,473,0.184910,367.843,2.819,5.183,4.696,83552317,0.000,0.000,0,509388,1.000000,82132,62248152,114474,105,0,0,0,1439
133,shard-2,0,19.384,0.179,0.621,3.452,12.286,6.261,48596.059,2507,457,0.182290,346.497,2.659,4.970,4.578,78033816,0.000,0.000,0,495488,1.000000,77002,57296429,118670,169,0,0,0,1439
133,shard-3,0,18.866,0.258,0.668,3.237,11.716,6.364,48411.241,2566,445,0.173422,437.806,2.645,5.104,4.625,85380358,0.000,0.000,0,515428,1.000000,83048,63825141,110906,172,0,0,0,1439
133,shard-4,0,17.524,0.290,45.447,90.234,10.913,5.875,45719.308,2609,387,0.148333,400.968,2.468,4.606,4.384,89026335,0.000,0.000,0,554858,1.000000,86415,65938319,104529,274,0,0,84,1439
138,shard-0,0,17.657,0.217,0.523,2.783,10.820,6.065,48768.553,2762,425,0.153874,242.924,2.502,4.943,4.365,95773206,0.000,0.000,0,554849,1.000000,91495,72570268,97790,48,0,0,0,1436
138,shard-1,0,18.605,0.202,0.654,4.722,11.541,6.284,49545.187,2663,473,0.177619,367.843,2.708,4.980,4.513,83552317,0.000,0.000,0,509388,1.000000,82132,62248152,114474,105,0,0,0,1436
138,shard-2,0,18.617,0.179,0.621,3.452,11.796,6.011,48627.152,2612,457,0.174962,346.497,2.551,4.768,4.392,78033816,0.000,0.000,0,495488,1.000000,77002,57296429,118670,169,0,0,0,1436
138,shard-3,0,18.135,0.258,0.603,2.348,11.258,6.115,48438.126,2671,445,0.166604,437.806,2.542,4.905,4.444,85380358,0.000,0.000,0,515428,1.000000,83048,63825141,110906,172,0,0,0,1436
138,shard-4,0,16.855,0.236,0.558,53.843,10.493,5.649,45745.518,2714,387,0.142594,400.968,2.372,4.426,4.213,89026335,0.000,0.000,0,554858,1.000000,86415,65938319,104529,274,0,0,84,1436
143,shard-0,0,17.020,0.218,0.521,4.895,10.427,5.844,48795.733,2867,425,0.148239,242.924,2.411,4.763,4.206,95773206,0.000,0.000,0,554849,1.000000,91495,72570268,97790,48,0,0,0,1438
143,shard-1,0,17.908,0.199,0.590,2.622,11.106,6.047,49568.840,2768,473,0.170882,367.843,2.605,4.790,4.340,83552317,0.000,0.000,0,509388,1.000000,82132,62248152,114474,105,0,0,0,1438
143,shard-2,0,17.907,0.179,0.621,5.997,11.343,5.780,48653.415,2717,457,0.168200,346.497,2.453,4.585,4.224,78033816,0.000,0.000,0,495488,1.000000,77002,57296429,118670,169,0,0,0,1438
143,shard-3,0,17.458,0.253,0.600,4.509,10.836,5.885,48464.637,2776,445,0.160303,437.806,2.445,4.718,4.275,85380358,0.000,0.000,0,515428,1.000000,83048,63825141,110906,172,0,0,0,1438
143,shard-4,0,16.237,0.229,0.520,4.477,10.104,5.441,45772.898,2819,387,0.137283,400.968,2.284,4.263,4.057,89026335,0.000,0.000,0,554858,1.000000,86415,65938319,104529,274,0,0,84,1438
148,shard-0,0,16.427,0.218,0.535,4.895,10.060,5.639,48822.427,2972,425,0.143001,242.924,2.325,4.593,4.056,95773206,0.000,0.000,0,554849,1.000000,91495,72570268,97790,48,0,0,0,1387
148,shard-1,0,17.261,0.196,0.577,2.622,10.702,5.828,49589.833,2873,473,0.164636,367.843,2.510,4.616,4.183,83552317,0.000,0.000,0,509388,1.000000,82132,62248152,114474,105,0,0,0,1387
148,shard-2,0,17.250,0.179,0.626,5.997,10.923,5.567,48678.422,2822,457,0.161942,346.497,2.361,4.413,4.065,78033816,0.000,0.000,0,495488,1.000000,77002,57296429,118670,169,0,0,0,1387
148,shard-3,0,16.830,0.232,0.509,4.509,10.443,5.672,48486.949,2881,445,0.154460,437.806,2.356,4.547,4.120,85380358,0.000,0.000,0,515428,1.000000,83048,63825141,110906,172,0,0,0,1387
148,shard-4,0,15.662,0.223,0.515,4.477,9.743,5.247,45795.859,2924,387,0.132353,400.968,2.202,4.108,3.910,89026335,0.000,0.000,0,554858,1.000000,86415,65938319,104529,274,0,0,84,1387
154,shard-0,0,15.874,0.218,0.549,4.895,9.719,5.448,48845.068,3077,425,0.138122,242.924,2.247,4.438,3.919,95773206,0.000,0.000,0,554849,1.000000,91495,72570268,97790,48,0,0,0,1371
154,shard-1,0,16.665,0.196,0.583,2.622,10.330,5.625,49613.011,2977,473,0.158885,367.843,2.423,4.455,4.037,83552317,0.000,0.000,0,509388,1.000000,82132,62248152,114474,105,0,0,0,1371
154,shard-2,0,16.643,0.175,0.612,5.997,10.536,5.370,48696.775,2926,457,0.156186,346.497,2.277,4.256,3.921,78033816,0.000,0.000,0,495488,1.000000,77002,57296429,118670,169,0,0,0,1371
154,shard-3,0,16.247,0.225,0.504,4.509,10.078,5.473,48514.177,2986,445,0.149029,437.806,2.273,4.386,3.974,85380358,0.000,0.000,0,515428,1.000000,83048,63825141,110906,172,0,0,0,1371
154,shard-4,0,15.132,0.222,0.514,4.477,9.411,5.068,45818.709,3028,387,0.127807,400.968,2.126,3.967,3.776,89026335,0.000,0.000,0,554858,1.000000,86415,65938319,104529,274,0,0,84,1371
159,shard-0,0,15.357,0.222,0.539,4.895,9.399,5.270,48867.196,3182,425,0.133564,242.924,2.172,4.290,3.789,95773206,0.000,0.000,0,554849,1.000000,91495,72570268,97790,48,0,0,0,1371
159,shard-1,0,16.104,0.185,0.575,2.622,9.980,5.435,49631.977,3082,473,0.153472,367.843,2.339,4.302,3.898,83552317,0.000,0.000,0,509388,1.000000,82132,62248152,114474,105,0,0,0,1371
159,shard-2,0,16.072,0.175,0.548,5.997,10.173,5.185,48714.545,3031,457,0.150775,346.497,2.199,4.110,3.786,78033816,0.000,0.000,0,495488,1.000000,77002,57296429,118670,169,0,0,0,1371
159,shard-3,0,15.703,0.216,0.515,4.509,9.737,5.289,48537.266,3091,445,0.143966,437.806,2.196,4.238,3.840,85380358,0.000,0.000,0,515428,1.000000,83048,63825141,110906,172,0,0,0,1371
159,shard-4,0,14.631,0.206,0.489,4.477,9.097,4.899,45839.342,3133,387,0.123524,400.968,2.055,3.835,3.651,89026335,0.000,0.000,0,554858,1.000000,86415,65938319,104529,274,0,0,84,1371
164,shard-0,0,14.873,0.220,0.519,4.895,9.100,5.103,48888.843,3287,425,0.129297,242.924,2.103,4.155,3.669,95773206,0.000,0.000,0,554849,1.000000,91495,72570268,97790,48,0,0,0,1407
164,shard-1,0,15.577,0.176,0.547,2.817,9.650,5.256,49658.496,3188,473,0.148369,367.843,2.262,4.159,3.768,83552317,0.000,0.000,0,509388,1.000000,82132,62248152,114474,105,0,0,0,1407
164,shard-2,0,15.535,0.166,0.462,5.997,9.830,5.011,48732.221,3137,457,0.145681,346.497,2.125,3.971,3.658,78033816,0.000,0.000,0,495488,1.000000,77002,57296429,118670,169,0,0,0,1407
164,shard-3,0,15.194,0.211,0.498,4.509,9.419,5.116,48559.431,3196,445,0.139237,437.806,2.123,4.098,3.713,85380358,0.000,0.000,0,515428,1.000000,83048,63825141,110906,172,0,0,0,1407
164,shard-4,0,14.159,0.201,0.454,4.477,8.801,4.740,45859.539,3239,387,0.119481,400.968,1.988,3.710,3.531,89026335,0.000,0.000,0,554858,1.000000,86415,65938319,104529,274,0,0,84,1407
169,shard-0,0,14.421,0.220,0.549,2.090,8.821,4.946,48916.304,3392,425,0.125295,242.924,2.037,4.025,3.554,95773206,0.000,0.000,0,554849,1.000000,91495,72570268,97790,48,0,0,0,1414
169,shard-1,0,15.086,0.179,0.539,2.817,9.344,5.090,49679.686,3293,473,0.143638,367.843,2.190,4.027,3.649,83552317,0.000,0.000,0,509388,1.000000,82132,62248152,114474,105,0,0,0,1414
169,shard-2,0,15.038,0.162,0.447,3.459,9.513,4.850,48752.141,3242,457,0.140962,346.497,2.055,3.841,3.539,78033816,0.000,0.000,0,495488,1.000000,77002,57296429,118670,169,0,0,0,1414
169,shard-3,0,14.717,0.201,0.497,2.171,9.120,4.954,48579.843,3301,445,0.134808,437.806,2.057,3.969,3.596,85380358,0.000,0.000,0,515428,1.000000,83048,63825141,110906,172,0,0,0,1414
169,shard-4,0,13.720,0.187,0.442,1.169,8.526,4.593,45879.564,3344,387,0.115730,400.968,1.925,3.592,3.419,89026335,0.000,0.000,0,554858,1.000000,86415,65938319,104529,274,0,0,84,1414
175,shard-0,0,13.995,0.220,0.560,2.090,8.557,4.799,48941.643,3497,425,0.121533,242.924,1.977,3.905,3.448,95773206,0.000,0.000,0,554849,1.000000,91495,72570268,97790,48,0,0,0,1391
175,shard-1,0,14.627,0.190,0.575,3.096,9.058,4.934,49703.395,3398,473,0.139200,367.843,2.122,3.902,3.535,83552317,0.000,0.000,0,509388,1.000000,82132,62248152,114474,105,0,0,0,1391
175,shard-2,0,14.571,0.159,0.462,1.828,9.216,4.699,48770.600,3347,457,0.136540,346.497,1.991,3.722,3.429,78033816,0.000,0.000,0,495488,1.000000,77002,57296429,118670,169,0,0,0,1391
175,shard-3,0,14.269,0.201,0.498,2.171,8.840,4.803,48599.907,3406,445,0.130652,437.806,1.993,3.845,3.484,85380358,0.000,0.000,0,515428,1.000000,83048,63825141,110906,172,0,0,0,1391
175,shard-4,0,13.308,0.194,0.429,1.008,8.268,4.454,45900.094,3449,387,0.112206,400.968,1.867,3.484,3.316,89026335,0.000,0.000,0,554858,1.000000,86415,65938319,104529,274,0,0,84,1391
180,shard-0,0,13.594,0.218,0.560,2.090,8.309,4.660,48965.059,3602,425,0.117990,242.924,1.919,3.790,3.347,95773206,0.000,0.000,0,554849,1.000000,91495,72570268,97790,48,0,0,0,1384
180,shard-1,0,14.198,0.190,0.499,3.096,8.790,4.788,49722.777,3502,473,0.135066,367.843,2.059,3.786,3.430,83552317,0.000,0.000,0,509388,1.000000,82132,62248152,114474,105,0,0,0,1384
180,shard-2,0,14.138,0.161,0.485,1.828,8.939,4.559,48789.517,3451,457,0.132425,346.497,1.931,3.610,3.325,78033816,0.000,0.000,0,495488,1.000000,77002,57296429,118670,169,0,0,0,1384
180,shard-3,0,13.848,0.198,0.463,2.171,8.577,4.660,48619.597,3511,445,0.126745,437.806,1.934,3.731,3.381,85380358,0.000,0.000,0,515428,1.000000,83048,63825141,110906,172,0,0,0,1384
180,shard-4,0,12.924,0.186,0.417,0.914,8.028,4.325,45920.213,3553,387,0.108922,400.968,1.812,3.382,3.219,89026335,0.000,0.000,0,554858,1.000000,86415,65938319,104529,274,0,0,84,1384
185,shard-0,0,13.215,0.220,0.571,2.090,8.075,4.529,48989.378,3707,425,0.114648,242.924,1.865,3.684,3.253,95773206,0.000,0.000,0,554849,1.000000,91495,72570268,97790,48,0,0,0,1382
185,shard-1,0,13.791,0.187,0.506,3.096,8.535,4.650,49743.641,3607,473,0.131134,367.843,1.999,3.677,3.332,83552317,0.000,0.000,0,509388,1.000000,82132,62248152,114474,105,0,0,0,1382
185,shard-2,0,13.725,0.159,0.487,1.828,8.676,4.425,48807.193,3556,457,0.128515,346.497,1.874,3.502,3.226,78033816,0.000,0.000,0,495488,1.000000,77002,57296429,118670,169,0,0,0,1382
185,shard-3,0,13.452,0.193,0.433,2.171,8.329,4.526,48642.287,3616,445,0.123064,437.806,1.877,3.622,3.282,85380358,0.000,0.000,0,515428,1.000000,83048,63825141,110906,172,0,0,0,1382
185,shard-4,0,12.559,0.184,0.410,0.914,7.798,4.202,45941.311,3658,387,0.105796,400.968,1.760,3.284,3.126,89026335,0.000,0.000,0,554858,1.000000,86415,65938319,104529,274,0,0,84,1382
190,shard-0,0,12.857,0.218,0.597,1.592,7.853,4.406,49012.228,3812,425,0.111490,242.924,1.813,3.581,3.162,95773206,0.000,0.000,0,554849,1.000000,91495,72570268,97790,48,0,0,0,1331
190,shard-1,0,13.408,0.190,0.510,4.520,8.296,4.520,49770.693,3712,473,0.127425,367.843,1.942,3.572,3.236,83552317,0.000,0.000,0,509388,1.000000,82132,62248152,114474,105,0,0,0,1331
190,shard-2,0,13.334,0.158,0.525,3.415,8.426,4.299,48829.758,3662,457,0.124795,346.497,1.820,3.401,3.133,78033816,0.000,0.000,0,495488,1.000000,77002,57296429,118670,169,0,0,0,1331
190,shard-3,0,13.079,0.187,0.453,4.761,8.096,4.399,48667.325,3721,445,0.119592,437.806,1.824,3.521,3.190,85380358,0.000,0.000,0,515428,1.000000,83048,63825141,110906,172,0,0,0,1331
190,shard-4,0,12.211,0.189,0.434,0.914,7.580,4.085,45963.164,3764,387,0.102816,400.968,1.710,3.191,3.038,89026335,0.000,0.000,0,554858,1.000000,86415,65938319,104529,274,0,0,84,1331
196,shard-0,0,12.519,0.218,0.597,5.993,7.643,4.288,49048.322,3918,425,0.108474,242.924,1.764,3.484,3.077,95773206,0.000,0.000,0,554849,1.000000,91495,72570268,97790,48,0,0,0,1268
196,shard-1,0,13.043,0.195,0.510,4.520,8.068,4.396,49797.149,3818,473,0.123887,367.843,1.888,3.472,3.147,83552317,0.000,0.000,0,509388,1.000000,82132,62248152,114474,105,0,0,0,1268
196,shard-2,0,12.971,0.160,0.573,5.376,8.193,4.181,48860.415,3767,457,0.121317,346.497,1.769,3.307,3.046,78033816,0.000,0.000,0,495488,1.000000,77002,57296429,118670,169,0,0,0,1268
196,shard-3,0,12.722,0.187,0.451,4.761,7.873,4.278,48688.533,3827,445,0.116279,437.806,1.774,3.423,3.102,85380358,0.000,0.000,0,515428,1.000000,83048,63825141,110906,172,0,0,0,1268
196,shard-4,0,11.887,0.207,0.464,4.557,7.377,3.976,45989.945,3869,387,0.100026,400.968,1.664,3.106,2.956,89026335,0.000,0.000,0,554858,1.000000,86415,65938319,104529,274,0,0,84,1268
201,shard-0,0,12.199,0.218,0.604,5.993,7.445,4.178,49076.752,4023,425,0.105643,242.924,1.718,3.394,2.997,95773206,0.000,0.000,0,554849,1.000000,91495,72570268,97790,48,0,0,0,1341
201,shard-1,0,12.696,0.184,0.503,4.520,7.851,4.279,49818.872,3924,473,0.120540,367.843,1.837,3.379,3.062,83552317,0.000,0.000,0,509388,1.000000,82132,62248152,114474,105,0,0,0,1341
201,shard-2,0,12.621,0.160,0.568,5.376,7.969,4.068,48880.331,3873,457,0.117996,346.497,1.721,3.216,2.963,78033816,0.000,0.000,0,495488,1.000000,77002,57296429,118670,169,0,0,0,1341
201,shard-3,0,12.388,0.187,0.471,4.761,7.664,4.165,48710.503,3932,445,0.113174,437.806,1.726,3.331,3.018,85380358,0.000,0.000,0,515428,1.000000,83048,63825141,110906,172,0,0,0,1341
201,shard-4,0,11.578,0.195,0.529,8.618,7.181,3.872,46020.944,3975,387,0.097358,400.968,1.620,3.023,2.877,89026335,0.000,0.000,0,554858,1.000000,86415,65938319,104529,274,0,0,84,1341
206,shard-0,0,11.896,0.220,0.614,5.993,7.258,4.073,49104.662,4128,425,0.102955,242.924,1.674,3.307,2.920,95773206,0.000,0.000,0,554849,1.000000,91495,72570268,97790,48,0,0,0,1353
206,shard-1,0,12.370,0.181,0.497,4.520,7.648,4.168,49839.180,4029,473,0.117399,367.843,1.790,3.291,2.983,83552317,0.000,0.000,0,509388,1.000000,82132,62248152,114474,105,0,0,0,1353
206,shard-2,0,12.294,0.160,0.600,5.376,7.760,3.962,48903.650,3978,457,0.114882,346.497,1.675,3.131,2.884,78033816,0.000,0.000,0,495488,1.000000,77002,57296429,118670,169,0,0,0,1353
206,shard-3,0,12.071,0.187,0.462,4.761,7.466,4.058,48730.642,4037,445,0.110230,437.806,1.682,3.245,2.940,85380358,0.000,0.000,0,515428,1.000000,83048,63825141,110906,172,0,0,0,1353
206,shard-4,0,11.287,0.216,0.550,8.618,6.999,3.773,46051.951,4080,387,0.094853,400.968,1.578,2.944,2.802,89026335,0.000,0.000,0,554858,1.000000,86415,65938319,104529,274,0,0,84,1353
212,shard-0,0,11.606,0.216,0.614,5.993,7.079,3.973,49128.889,4233,425,0.100402,242.924,1.633,3.226,2.849,95773206,0.000,0.000,0,554849,1.000000,91495,72570268,97790,48,0,0,0,1352
212,shard-1,0,12.062,0.189,0.503,4.520,7.455,4.063,49862.488,4134,473,0.114417,367.843,1.744,3.207,2.906,83552317,0.000,0.000,0,509388,1.000000,82132,62248152,114474,105,0,0,0,1352
212,shard-2,0,11.979,0.162,0.600,5.376,7.559,3.860,48923.552,4084,457,0.111900,346.497,1.631,3.049,2.809,78033816,0.000,0.000,0,495488,1.000000,77002,57296429,118670,169,0,0,0,1352
212,shard-3,0,11.767,0.193,0.462,4.761,7.276,3.955,48750.917,4143,445,0.107410,437.806,1.638,3.162,2.865,85380358,0.000,0.000,0,515428,1.000000,83048,63825141,110906,172,0,0,0,1352
212,shard-4,0,11.008,0.211,0.550,8.618,6.823,3.678,46078.884,4186,387,0.092451,400.968,1.538,2.870,2.731,89026335,0.000,0.000,0,554858,1.000000,86415,65938319,104529,274,0,0,84,1352
217,shard-0,0,11.329,0.220,0.666,5.993,6.907,3.877,49158.020,4339,425,0.097949,242.924,1.593,3.147,2.779,95773206,0.000,0.000,0,554849,1.000000,91495,72570268,97790,48,0,0,0,1319
217,shard-1,0,11.765,0.181,0.474,3.260,7.270,3.963,49881.545,4240,473,0.111557,367.843,1.700,3.127,2.833,83552317,0.000,0.000,0,509388,1.000000,82132,62248152,114474,105,0,0,0,1319
217,shard-2,0,11.683,0.163,0.538,5.376,7.371,3.764,48941.281,4189,457,0.109095,346.497,1.591,2.974,2.739,78033816,0.000,0.000,0,495488,1.000000,77002,57296429,118670,169,0,0,0,1319
217,shard-3,0,11.481,0.201,0.462,1.097,7.097,3.858,48772.322,4248,445,0.104755,437.806,1.598,3.083,2.793,85380358,0.000,0.000,0,515428,1.000000,83048,63825141,110906,172,0,0,0,1319
217,shard-4,0,10.744,0.199,0.576,8.618,6.658,3.589,46103.488,4291,387,0.090189,400.968,1.501,2.800,2.665,89026335,0.000,0.000,0,554858,1.000000,86415,65938319,104529,274,0,0,84,1319
222,shard-0,0,11.067,0.213,0.580,5.387,6.745,3.787,49183.473,4444,425,0.095635,242.924,1.555,3.072,2.713,95773206,0.000,0.000,0,554849,1.000000,91495,72570268,97790,48,0,0,0,1319
222,shard-1,0,11.487,0.174,0.426,3.061,7.097,3.869,49898.482,4344,473,0.108886,367.843,1.660,3.052,2.766,83552317,0.000,0.000,0,509388,1.000000,82132,62248152,114474,105,0,0,0,1319
222,shard-2,0,11.405,0.163,0.475,5.237,7.193,3.675,48963.184,4293,457,0.106452,346.497,1.552,2.902,2.673,78033816,0.000,0.000,0,495488,1.000000,77002,57296429,118670,169,0,0,0,1319
222,shard-3,0,11.209,0.201,0.464,1.097,6.927,3.765,48792.526,4353,445,0.102228,437.806,1.559,3.009,2.727,85380358,0.000,0.000,0,515428,1.000000,83048,63825141,110906,172,0,0,0,1319
222,shard-4,0,10.494,0.195,0.527,5.588,6.501,3.505,46123.167,4395,387,0.088055,400.968,1.465,2.734,2.602,89026335,0.000,0.000,0,554858,1.000000,86415,65938319,104529,274,0,0,84,1319
227,shard-0,0,10.818,0.209,0.568,5.387,6.590,3.701,49211.942,4549,425,0.093427,242.924,1.520,3.002,2.651,95773206,0.000,0.000,0,554849,1.000000,91495,72570268,97790,48,0,0,0,1298
227,shard-1,0,11.217,0.171,0.413,3.061,6.929,3.777,49915.684,4450,473,0.106292,367.843,1.620,2.979,2.700,83552317,0.000,0.000,0,509388,1.000000,82132,62248152,114474,105,0,0,0,1298
227,shard-2,0,11.136,0.160,0.509,5.237,7.021,3.588,48989.114,4399,457,0.103887,346.497,1.515,2.832,2.609,78033816,0.000,0.000,0,495488,1.000000,77002,57296429,118670,169,0,0,0,1298
227,shard-3,0,10.950,0.203,0.451,1.097,6.764,3.678,48813.430,4458,445,0.099821,437.806,1.522,2.938,2.662,85380358,0.000,0.000,0,515428,1.000000,83048,63825141,110906,172,0,0,0,1298
227,shard-4,0,10.253,0.195,0.483,5.588,6.349,3.424,46147.678,4501,387,0.085981,400.968,1.431,2.669,2.541,89026335,0.000,0.000,0,554858,1.000000,86415,65938319,104529,274,0,0,84,1298
233,shard-0,0,10.580,0.209,0.562,5.068,6.443,3.619,49239.959,4654,425,0.091319,242.924,1.485,2.933,2.590,95773206,0.000,0.000,0,554849,1.000000,91495,72570268,97790,48,0,0,0,1276
233,shard-1,0,10.963,0.172,0.417,3.061,6.770,3.691,49935.696,4555,473,0.103842,367.843,1.583,2.911,2.638,83552317,0.000,0.000,0,509388,1.000000,82132,62248152,114474,105,0,0,0,1276
233,shard-2,0,10.883,0.162,0.490,5.796,6.859,3.505,49016.903,4504,457,0.101465,346.497,1.479,2.765,2.547,78033816,0.000,0.000,0,495488,1.000000,77002,57296429,118670,169,0,0,0,1276
233,shard-3,0,10.702,0.201,0.472,1.061,6.610,3.594,48834.753,4563,445,0.097524,437.806,1.488,2.871,2.601,85380358,0.000,0.000,0,515428,1.000000,83048,63825141,110906,172,0,0,0,1276
233,shard-4,0,10.024,0.194,0.524,3.663,6.205,3.347,46171.737,4606,387,0.084021,400.968,1.398,2.608,2.482,89026335,0.000,0.000,0,554858,1.000000,86415,65938319,104529,274,0,0,84,1276
238,shard-0,0,10.350,0.210,0.568,5.068,6.300,3.539,49266.718,4760,425,0.089286,242.924,1.452,2.868,2.533,95773206,0.000,0.000,0,554849,1.000000,91495,72570268,97790,48,0,0,0,1232
238,shard-1,0,10.721,0.171,0.414,2.654,6.618,3.609,49958.350,4660,473,0.101502,367.843,1.547,2.845,2.578,83552317,0.000,0.000,0,509388,1.000000,82132,62248152,114474,105,0,0,0,1232
238,shard-2,0,10.640,0.162,0.484,5.796,6.704,3.427,49040.155,4609,457,0.099154,346.497,1.446,2.703,2.490,78033816,0.000,0.000,0,495488,1.000000,77002,57296429,118670,169,0,0,0,1232
238,shard-3,0,10.464,0.209,0.462,1.061,6.460,3.513,48856.508,4669,445,0.095309,437.806,1.454,2.806,2.542,85380358,0.000,0.000,0,515428,1.000000,83048,63825141,110906,172,0,0,0,1232
238,shard-4,0,9.804,0.195,0.524,4.045,6.067,3.273,46198.113,4712,387,0.082131,400.968,1.366,2.549,2.427,89026335,0.000,0.000,0,554858,1.000000,86415,65938319,104529,274,0,0,84,1232
