"tSec","players","srvWS","srvPriv","botWS","botPriv","freeMB","tickAvg","tickP95","tickMax","snapsSent","snapBytes","rejRate","rejBurst","rejSpeed","rejTeleport","rejShadow"
"10","300","124.5","135.4","170.8","190.4","2166","33.462","84.7","189.091","10254","192715461","31852","0","0","0","0"
"21","300","125.3","135.6","189.7","208.8","2221","43.487","95.484","189.091","23154","453470038","68294","0","0","0","0"
"31","300","125.4","134.7","208.6","227.6","1995","43.306","90.682","189.091","39354","770816858","101459","0","0","0","0"
"42","300","126.1","135.3","211.1","230.2","2104","43.957","89.182","189.091","54354","1034858512","135350","0","0","0","0"
"52","300","126.1","135.5","209.2","228.1","1751","43.976","89.182","189.091","69954","1356958185","169294","0","0","0","0"
"63","300","126.7","136.4","209","228.1","1886","44.099","91.063","167.594","85554","1719432846","202702","0","0","0","0"
"73","300","126.5","136","208.8","228.1","1794","43.459","82.831","125.638","102354","2101362377","234971","0","0","0","0"
"83","300","127","136.1","208.7","228.2","1786","43.38","85.424","121.512","117354","2455475588","268311","0","0","0","0"
"94","300","127.2","137.1","210.5","229.3","1826","42.45","80.758","112.569","135354","2885881450","298331","0","0","0","0"
"104","300","127.5","136.9","208.8","227.8","1784","41.364","68.979","112.569","153654","3319362481","327823","0","0","0","0"
"115","300","127.8","137.1","191.4","210.6","1843","41.38","70.125","112.569","169254","3705643740","360131","0","0","0","0"
"125","300","127.5","136.9","195.2","214.5","1460","41.657","76.035","134.031","183954","4078720847","394157","0","0","0","0"
"136","300","129","138.1","200.2","219.8","1291","41.447","76.503","134.031","200454","4505371056","426561","0","0","0","0"
"146","300","129.1","139","200.1","220.8","1650","41.425","82.233","134.031","215454","4901734992","459166","0","0","0","0"
"157","300","129.6","138.9","200.6","220.6","1617","41.013","80.158","134.031","233454","5357511938","489299","0","0","0","0"
"168","300","129.2","138.6","199.5","220.2","1553","40.507","76.157","134.031","252654","5848431983","520853","0","0","0","0"
"178","300","129.5","138.8","202.9","223.9","1513","40.025","67.063","122.176","271254","6324555516","549846","0","0","0","0"
"189","300","129.7","139.1","200.4","221.1","1467","39.633","62.764","97.653","289854","6805693352","578078","0","0","0","0"
"199","300","131.3","140.4","200.3","221.6","1458","39.407","63.34","97.653","307854","7281579733","607585","0","0","0","0"
"210","300","130.7","140.1","202","222.7","1320","39.47","66.934","132.018","321954","7671981896","639914","0","0","0","0"
"220","300","131.4","141","201.9","222.1","1028","39.671","72.402","132.018","336954","8087364685","673511","0","0","0","0"
"230","300","131.8","141","207.9","228.3","1236","39.645","72.599","132.018","352854","8536489005","705453","0","0","0","0"
"241","300","131","140.3","217.1","237.7","1178","39.374","72.523","132.018","370554","9029088430","734442","0","0","0","0"
"251","300","131.1","140.6","223.7","243","1164","39.108","72.441","107.534","389454","9559892315","763279","0","0","0","0"
"262","300","131","140.5","210.7","230.7","1142","38.836","65.969","98.382","408054","10097951878","792435","0","0","0","0"
"272","300","130.8","140.4","208.9","228.7","940","38.914","64.225","89.594","424554","10572528223","824103","0","0","0","0"
"283","300","131.7","141.3","205.1","225.3","929","39.138","68.012","116.274","435054","10901425757","860766","240","0","0","0"
"294","300","132.1","141.8","206.4","227","1056","39.032","68.488","116.274","452154","11399003641","891009","240","0","0","0"
"304","0","133.1","143.1","0","0","848","38.595","74.794","152.879","459791","11612832555","911574","240","0","0","0"
"314","0","132.4","142.4","0","0","1210","36.705","74.297","152.879","459791","11612832555","911574","240","0","0","0"
"324","0","56.4","65.7","0","0","1314","35.002","60.664","152.879","459791","11612832555","911574","240","0","0","0"
