"tSec","players","tickAvgAgg","tickP95Agg","srvProcs","srvWS","srvPriv","botProcs","botWS","botPriv","freeMB"
"5","0","0.2","0.56","5","248.1","310.2","0","0","0","2238"
"10","0","0.18","0.53","5","230.6","274.7","0","0","0","2028"
"16","0","0.17","0.44","5","232.6","276.4","0","0","0","2218"
"21","1000","2.68","0.56","5","258.6","301.3","10","462.6","550.2","1382"
"32","1000","10.58","73.12","5","450.8","498.3","10","571.3","637.9","895"
"39","1000","16.34","83.73","5","454.2","503.8","10","575.3","641.7","898"
"48","1000","20.03","89.89","5","455.9","503.6","10","589","655.5","1128"
"55","1000","22.93","93.06","5","456.8","503.2","10","627","695","1045"
"63","1000","25.22","98.11","5","459.1","507.6","10","653.1","719.4","887"
"70","1000","26.9","100.22","5","459.9","505.9","10","651.8","718.7","676"
