"run","shard","players","tickAvg","tickP50","tickP95","tickMax","secSim","secGameplay","secNpc","secSnapshot","secDb","snapsSent","snapBytes","connsTotal","rejRate","rejSpeed","rejTeleport","rejBurst","rejShadowban"
"w6-100","shard-0","0","8.004","7.959","16.262","26.735","0.124","5.347","0.245","2.281","0.003","31980","274581828","100","730","0","0","0","0"
"w6-150","shard-0","0","15.151","14.401","30.42","56.907","0.179","10.553","0.365","4.048","0.003","47773","571765462","150","4813","0","0","0","0"
"w6-200","shard-0","0","25.941","23.168","62.67","111.994","0.18","18.891","0.447","6.413","0.005","56759","874000787","200","37244","0","0","0","0"
"w6-400","shard-0","0","29.611","28.764","70.432","133.028","0.175","22.1","0.485","6.842","0.005","50555","719591619","200","51652","0","0","0","0"
"w6-400","shard-1","0","30.706","32.531","70.547","199.436","0.17","22.58","0.486","7.46","0.005","47966","840042803","200","55450","0","0","103","0"
"w6-600","shard-0","0","31.417","32.158","67.165","259.247","0.193","23.544","0.6","7.068","0.006","46930","634072799","200","57029","0","0","2","0"
"w6-600","shard-1","0","33.488","32.873","75.24","212.146","0.196","24.805","0.6","7.877","0.006","45397","791745679","200","60898","0","0","153","0"
"w6-600","shard-2","0","34.589","32.909","72.063","327.439","0.197","25.745","0.531","8.104","0.006","45292","813635045","200","59183","0","0","0","0"
"w6-1000","shard-0","200","24.166","36.078","92.554","227.187","0.155","16.817","0.502","6.683","0.005","44388","640773272","200","77145","0","0","135","0"
"w6-1000","shard-1","200","23.028","31.635","97.758","278.059","0.138","15.773","0.417","6.69","0.005","35545","604172835","200","83527","0","0","237","0"
"w6-1000","shard-2","200","23.273","32.897","101.105","250.343","0.143","16.061","0.413","6.649","0.004","37255","638068699","200","78235","0","0","74","0"
"w6-1000","shard-3","200","24.156","35.857","102.817","179.735","0.143","17.084","0.415","6.507","0.004","36722","621468996","200","80739","0","0","175","0"
"w6-1000","shard-4","200","23.666","35.97","102.697","285.275","0.148","16.195","0.411","6.905","0.004","37304","624342769","200","83941","0","0","190","0"
"w6-1000b","shard-0","200","27.137","41.742","97.154","234.594","0.162","18.242","0.691","8.032","0.005","44644","819721017","200","88056","0","0","72","0"
"w6-1000b","shard-1","200","27.246","38.358","100.609","412.818","0.152","19.107","0.479","7.498","0.005","40166","720408709","200","88854","0","0","258","0"
"w6-1000b","shard-2","200","27.371","39.035","101.864","257.17","0.152","19.082","0.543","7.586","0.004","40520","695659028","200","85841","0","0","147","0"
"w6-1000b","shard-3","200","27.027","37.076","98.882","461.726","0.158","18.662","0.494","7.706","0.003","40111","693817080","200","96144","0","0","311","0"
"w6-1000b","shard-4","200","27.632","40.258","103.479","259.232","0.165","19.298","0.535","7.625","0.004","41053","698215005","200","92145","0","0","100","0"
