bot,name,profile,connect_ms,welcome_ms,snapshots,msgs,inputs_sent,chats_sent,attacks_sent,reconnects,tick_gaps,max_tick_gap,disconnected,error
0,bot0,idle,41,-1,0,6,0,0,0,5,0,0,1,""
1,bot1,fighter,22,-1,0,6,0,0,0,5,0,0,1,""
2,bot2,roam,24,-1,0,6,0,0,0,5,0,0,1,""
3,bot3,roam,23,-1,0,6,0,0,0,5,0,0,1,""
4,bot4,roam,23,-1,0,6,0,0,0,5,0,0,1,""
5,bot5,idle,22,-1,0,6,0,0,0,5,0,0,1,""
6,bot6,fighter,21,-1,0,6,0,0,0,5,0,0,1,""
7,bot7,roam,21,-1,0,6,0,0,0,5,0,0,1,""
8,bot8,roam,21,-1,0,6,0,0,0,5,0,0,1,""
9,bot9,roam,20,-1,0,6,0,0,0,5,0,0,1,""
10,bot10,idle,20,-1,0,6,0,0,0,5,0,0,1,""
11,bot11,fighter,20,-1,0,6,0,0,0,5,0,0,1,""
12,bot12,roam,20,-1,0,6,0,0,0,5,0,0,1,""
13,bot13,roam,20,-1,0,6,0,0,0,5,0,0,1,""
14,bot14,roam,20,-1,0,6,0,0,0,5,0,0,1,""
15,bot15,idle,13,-1,0,6,0,0,0,5,0,0,1,""
16,bot16,fighter,12,-1,0,6,0,0,0,5,0,0,1,""
17,bot17,roam,13,-1,0,6,0,0,0,5,0,0,1,""
18,bot18,roam,16,-1,0,6,0,0,0,5,0,0,1,""
19,bot19,roam,16,-1,0,6,0,0,0,5,0,0,1,""
