bot,name,profile,connect_ms,welcome_ms,snapshots,msgs,inputs_sent,chats_sent,attacks_sent,reconnects,tick_gaps,max_tick_gap,disconnected,hazard_avoids,hazard_waypoints,hazard_max_dps,error,proto,bytes_down,binary_frames
0,bot0,idle,171,239,280,1612,29,0,0,0,0,0,1,0,0,0,"",1,2672905,0
1,bot1,fighter,142,220,280,1649,541,44,164,0,0,0,1,0,0,0,"",1,2281491,0
2,bot2,roam,140,229,280,1646,541,25,10,0,0,0,1,118,0,5.33,"",1,2184239,0
3,bot3,roam,140,240,280,1650,541,29,13,0,0,0,1,39,0,7.38,"",1,1606462,0
4,bot4,roam,138,248,280,1638,541,27,10,0,0,0,1,52,0,5.65,"",1,2290872,0
5,bot5,idle,135,252,280,1602,29,0,0,0,0,0,1,0,0,0,"",1,2894587,0
6,bot6,fighter,134,261,280,1645,542,35,183,0,0,0,1,58,0,6.63,"",1,2052237,0
7,bot7,roam,133,275,280,1651,542,28,9,0,0,0,1,0,0,0,"",1,2032278,0
8,bot8,roam,134,287,280,1657,542,35,11,0,0,0,1,168,0,7.84,"",1,1400927,0
9,bot9,roam,133,294,280,1656,542,24,9,0,0,0,1,0,0,0,"",1,1995471,0
10,bot10,idle,129,300,280,1616,29,0,0,0,0,0,1,0,0,0,"",1,2979078,0
11,bot11,fighter,128,310,280,1650,542,44,153,0,0,0,1,19,0,5.93,"",1,2713320,0
12,bot12,roam,128,320,280,1639,542,31,9,0,0,0,1,100,0,6.06,"",1,2062268,0
13,bot13,roam,127,325,280,1640,542,30,14,0,0,0,1,93,0,5.44,"",1,1100272,0
14,bot14,roam,126,332,280,1644,542,28,10,0,0,0,1,84,0,6.68,"",1,2686357,0
15,bot15,idle,125,339,280,1619,29,0,0,0,0,0,1,0,0,0,"",1,1791829,0
16,bot16,fighter,125,349,280,1675,542,56,174,0,0,0,1,56,0,6.06,"",1,2255054,0
17,bot17,roam,125,356,280,1634,542,25,10,0,0,0,1,15,0,5,"",1,1920221,0
18,bot18,roam,125,364,280,1640,542,19,5,0,0,0,1,0,0,0,"",1,2650148,0
19,bot19,roam,125,378,280,1628,542,27,9,0,0,0,1,117,0,5.35,"",1,1749808,0
20,bot20,idle,106,382,280,1600,29,0,0,0,0,0,1,0,0,0,"",1,2684398,0
21,bot21,fighter,105,397,281,1675,542,47,163,0,0,0,1,99,0,6.92,"",1,1956181,0
22,bot22,roam,105,420,281,1654,542,30,9,0,0,0,1,16,0,6.92,"",1,1788906,0
23,bot23,roam,104,431,281,1648,542,31,15,0,0,0,1,192,0,5.78,"",1,2092546,0
24,bot24,roam,103,474,281,1645,542,21,15,0,0,0,1,77,0,6.92,"",1,2823798,0
25,bot25,idle,103,448,281,1626,29,0,0,0,0,0,1,0,0,0,"",1,1594740,0
26,bot26,fighter,102,484,281,1640,542,39,169,0,0,0,1,135,0,6.87,"",1,1428532,0
27,bot27,roam,103,505,281,1635,542,32,12,0,0,0,1,45,0,6.92,"",1,1869792,0
28,bot28,roam,101,526,281,1644,542,38,9,0,0,0,1,55,0,7.41,"",1,2005426,0
29,bot29,roam,100,540,281,1641,542,28,20,0,0,0,1,22,0,5,"",1,2721657,0
30,bot30,idle,101,559,281,1604,29,0,0,0,0,0,1,0,0,0,"",1,2684781,0
31,bot31,fighter,101,583,281,1660,542,46,163,0,0,0,1,12,0,5,"",1,1622253,0
32,bot32,roam,100,596,281,1647,542,27,12,0,0,0,1,57,0,5.63,"",1,2210712,0
33,bot33,roam,100,607,281,1622,542,26,9,0,0,0,1,62,0,6.11,"",1,1757840,0
34,bot34,roam,100,618,281,1638,542,27,8,0,0,0,1,4,0,6.8,"",1,2285133,0
35,bot35,idle,100,626,281,1602,29,0,0,0,0,0,1,0,0,0,"",1,2245913,0
36,bot36,fighter,100,635,281,1663,542,58,151,0,0,0,1,21,0,5.87,"",1,2292792,0
37,bot37,roam,100,645,281,1625,542,28,11,0,0,0,1,213,0,7.37,"",1,2087468,0
38,bot38,roam,99,654,281,1644,542,28,10,0,0,0,1,159,0,6.77,"",1,2422262,0
39,bot39,roam,100,662,281,1643,542,28,6,0,0,0,1,161,0,6.88,"",1,1793603,0
40,bot40,idle,100,671,281,1599,29,0,0,0,0,0,1,0,0,0,"",1,2695141,0
41,bot41,fighter,99,681,281,1638,542,41,168,0,0,0,1,83,0,6.12,"",1,1688352,0
42,bot42,roam,99,693,281,1646,542,37,9,0,0,0,1,19,0,5,"",1,1753718,0
43,bot43,roam,100,702,281,1640,542,23,13,0,0,0,1,34,0,5.79,"",1,1788998,0
44,bot44,roam,100,712,281,1637,542,31,14,0,0,0,1,30,0,7.1,"",1,2168232,0
45,bot45,idle,99,720,281,1584,29,0,0,0,0,0,1,0,0,0,"",1,2405806,0
46,bot46,fighter,100,731,281,1642,542,55,167,0,0,0,1,44,0,5,"",1,1646058,0
47,bot47,roam,99,742,281,1616,542,15,11,0,0,0,1,10,0,5,"",1,1932885,0
48,bot48,roam,99,752,281,1624,542,20,11,0,0,0,1,47,0,7.34,"",1,1852072,0
49,bot49,roam,99,766,281,1614,542,17,14,0,0,0,1,88,0,6.71,"",1,1990022,0
50,bot50,idle,99,778,281,1584,29,0,0,0,0,0,1,0,0,0,"",1,2683957,0
51,bot51,fighter,100,800,281,1638,542,44,161,0,0,0,1,33,0,6.68,"",1,2245595,0
52,bot52,roam,99,814,281,1631,542,29,11,0,0,0,1,60,0,5,"",1,2168984,0
53,bot53,roam,99,831,281,1621,542,25,7,0,0,0,1,0,0,0,"",1,2335132,0
54,bot54,roam,99,844,281,1619,542,21,12,0,0,0,1,130,0,6.86,"",1,1851626,0
55,bot55,idle,99,870,281,1619,29,0,0,0,0,0,1,0,0,0,"",1,1700561,0
56,bot56,fighter,99,883,281,1620,542,42,168,0,0,0,1,18,0,6.67,"",1,2153143,0
57,bot57,roam,99,896,281,1604,542,26,20,0,0,0,1,6,0,5.35,"",1,2335435,0
58,bot58,roam,99,906,281,1621,542,32,7,0,0,0,1,33,0,6.95,"",1,2626080,0
59,bot59,roam,99,917,281,1592,542,25,16,0,0,0,1,80,0,6.08,"",1,1660322,0
60,bot60,idle,99,928,281,1574,29,0,0,0,0,0,1,0,0,0,"",1,2683548,0
61,bot61,fighter,98,938,281,1634,542,46,182,0,0,0,1,7,0,5,"",1,2388806,0
62,bot62,roam,97,947,281,1588,542,17,9,0,0,0,1,142,0,7.44,"",1,1906859,0
63,bot63,roam,97,961,281,1598,542,27,8,0,0,0,1,33,0,5.69,"",1,2269154,0
64,bot64,roam,97,971,281,1620,542,33,16,0,0,0,1,49,0,6.73,"",1,1822440,0
65,bot65,idle,96,980,281,1571,29,0,0,0,0,0,1,0,0,0,"",1,2758119,0
66,bot66,fighter,96,991,281,1625,542,44,156,0,0,0,1,143,0,5.66,"",1,1727227,0
67,bot67,roam,96,1002,281,1594,542,30,8,0,0,0,1,35,0,6.06,"",1,2152903,0
68,bot68,roam,96,1015,281,1602,542,35,13,0,0,0,1,14,0,5,"",1,2450489,0
69,bot69,roam,96,1030,281,1608,542,35,12,0,0,0,1,94,0,6.71,"",1,1947615,0
70,bot70,idle,96,1045,281,1568,29,0,0,0,0,0,1,0,0,0,"",1,2863580,0
71,bot71,fighter,95,1060,281,1606,542,34,167,0,0,0,1,0,0,0,"",1,1609339,0
72,bot72,roam,95,1080,281,1598,542,30,5,0,0,0,1,195,0,6.16,"",1,2126407,0
73,bot73,roam,96,1092,281,1590,542,24,10,0,0,0,1,0,0,0,"",1,1838977,0
74,bot74,roam,96,1103,281,1585,542,28,8,0,0,0,1,54,0,5.74,"",1,2038146,0
75,bot75,idle,95,1111,281,1561,29,0,0,0,0,0,1,0,0,0,"",1,2547272,0
76,bot76,fighter,95,1121,281,1601,542,36,162,0,0,0,1,12,0,6.9,"",1,2801922,0
77,bot77,roam,95,1129,281,1598,542,41,11,0,0,0,1,36,0,5,"",1,2404802,0
78,bot78,roam,94,1138,281,1575,542,26,12,0,0,0,1,0,0,0,"",1,1323220,0
79,bot79,roam,95,1147,281,1596,542,27,10,0,0,0,1,0,0,0,"",1,1484419,0
80,bot80,idle,95,1157,281,1549,29,0,0,0,0,0,1,0,0,0,"",1,2297457,0
81,bot81,fighter,95,1164,281,1597,542,44,160,0,0,0,1,46,0,6.91,"",1,1748773,0
82,bot82,roam,95,1171,281,1600,542,30,5,0,0,0,1,77,0,6.92,"",1,1440133,0
83,bot83,roam,95,1181,281,1577,542,31,4,0,0,0,1,186,0,5.99,"",1,2632084,0
84,bot84,roam,96,1199,281,1577,542,22,7,0,0,0,1,43,0,6.37,"",1,1793379,0
85,bot85,idle,95,1238,281,1549,29,0,0,0,0,0,1,0,0,0,"",1,2683508,0
86,bot86,fighter,95,1250,281,1603,542,45,175,0,0,0,1,42,0,6.92,"",1,1560973,0
87,bot87,roam,96,1266,281,1586,542,26,18,0,0,0,1,45,0,5.88,"",1,2043730,0
88,bot88,roam,96,1278,281,1573,542,19,6,0,0,0,1,19,0,6.91,"",1,1782937,0
89,bot89,roam,96,1306,281,1588,542,17,13,0,0,0,1,29,0,6.34,"",1,2197179,0
90,bot90,idle,95,1324,281,1551,29,0,0,0,0,0,1,0,0,0,"",1,1718445,0
91,bot91,fighter,96,1336,281,1583,542,45,160,0,0,0,1,74,0,6.11,"",1,2205358,0
92,bot92,roam,96,1349,281,1561,542,22,8,0,0,0,1,44,0,7.31,"",1,2100022,0
93,bot93,roam,96,1386,281,1572,542,34,12,0,0,0,1,102,0,6.13,"",1,2528635,0
94,bot94,roam,95,1398,281,1576,542,28,11,0,0,0,1,61,0,6.06,"",1,2197920,0
95,bot95,idle,96,1936,281,1422,29,0,0,0,0,0,1,0,0,0,"",1,2674668,0
96,bot96,fighter,96,1945,281,1471,542,52,166,0,0,0,1,5,0,5,"",1,1849651,0
97,bot97,roam,95,1956,281,1459,542,24,13,0,0,0,1,85,0,6.78,"",1,1711052,0
98,bot98,roam,95,1967,281,1442,542,25,11,0,0,0,1,0,0,0,"",1,1338136,0
99,bot99,roam,152,1977,281,1449,541,20,7,0,0,0,1,50,0,6.17,"",1,1864392,0
