bot,name,profile,connect_ms,welcome_ms,snapshots,msgs,inputs_sent,chats_sent,attacks_sent,reconnects,tick_gaps,max_tick_gap,disconnected,hazard_avoids,hazard_waypoints,hazard_max_dps,error
0,bot0,idle,93,369,156,887,19,0,0,0,0,0,1,0,0,0,""
1,bot1,fighter,77,357,156,910,324,24,98,0,0,0,1,0,0,0,""
2,bot2,roam,77,361,156,917,324,12,6,0,0,0,1,116,0,5.33,""
3,bot3,roam,77,365,156,906,324,15,6,0,0,0,1,15,0,5.78,""
4,bot4,roam,76,368,156,909,324,19,4,0,0,0,1,0,0,0,""
5,bot5,idle,73,369,156,874,19,0,0,0,0,0,1,0,0,0,""
6,bot6,fighter,74,374,156,915,324,26,105,0,0,0,1,40,0,6.63,""
7,bot7,roam,73,377,156,904,324,18,5,0,0,0,1,0,0,0,""
8,bot8,roam,73,381,156,914,324,22,7,0,0,0,1,65,0,7.09,""
9,bot9,roam,72,385,156,909,324,18,4,0,0,0,1,0,0,0,""
10,bot10,idle,73,389,156,893,19,0,0,0,0,0,1,0,0,0,""
11,bot11,fighter,72,393,156,931,324,26,84,0,0,0,1,19,0,5.93,""
12,bot12,roam,72,398,156,888,324,16,8,0,0,0,1,12,0,5,""
13,bot13,roam,72,402,156,904,324,21,10,0,0,0,1,42,0,5,""
14,bot14,roam,71,405,156,892,324,19,6,0,0,0,1,82,0,5.59,""
15,bot15,idle,72,409,156,881,19,0,0,0,0,0,1,0,0,0,""
16,bot16,fighter,71,412,156,910,324,30,104,0,0,0,1,0,0,0,""
17,bot17,roam,71,416,156,896,324,15,7,0,0,0,1,0,0,0,""
18,bot18,roam,71,420,156,883,324,11,4,0,0,0,1,0,0,0,""
19,bot19,roam,71,424,156,891,324,11,5,0,0,0,1,95,0,5.35,""
20,bot20,idle,62,420,157,891,19,0,0,0,0,0,1,0,0,0,""
21,bot21,fighter,62,424,157,928,324,30,93,0,0,0,1,78,0,5.59,""
22,bot22,roam,62,427,157,915,324,20,5,0,0,0,1,0,0,0,""
23,bot23,roam,62,432,157,900,324,19,8,0,0,0,1,131,0,5.65,""
24,bot24,roam,62,437,157,910,324,13,10,0,0,0,1,38,0,6.92,""
25,bot25,idle,62,441,157,883,19,0,0,0,0,0,1,0,0,0,""
26,bot26,fighter,62,445,157,899,324,20,108,0,0,0,1,76,0,6.87,""
27,bot27,roam,61,449,157,909,324,22,7,0,0,0,1,40,0,6.92,""
28,bot28,roam,62,452,157,902,324,16,6,0,0,0,1,38,0,7.41,""
29,bot29,roam,62,457,157,901,324,20,12,0,0,0,1,0,0,0,""
30,bot30,idle,62,463,157,877,19,0,0,0,0,0,1,0,0,0,""
31,bot31,fighter,62,467,157,898,324,22,100,0,0,0,1,0,0,0,""
32,bot32,roam,62,472,157,891,324,17,6,0,0,0,1,57,0,5.63,""
33,bot33,roam,61,477,157,892,324,17,4,0,0,0,1,39,0,6.11,""
34,bot34,roam,61,482,157,902,324,14,6,0,0,0,1,4,0,6.8,""
35,bot35,idle,62,486,157,861,19,0,0,0,0,0,1,0,0,0,""
36,bot36,fighter,62,491,157,909,324,37,92,0,0,0,1,11,0,5.87,""
37,bot37,roam,63,496,157,886,324,15,7,0,0,0,1,120,0,7.37,""
38,bot38,roam,63,501,157,878,324,18,5,0,0,0,1,88,0,5.83,""
39,bot39,roam,62,504,157,884,324,16,5,0,0,0,1,161,0,6.88,""
40,bot40,idle,62,508,157,871,19,0,0,0,0,0,1,0,0,0,""
41,bot41,fighter,62,513,157,888,324,24,103,0,0,0,1,0,0,0,""
42,bot42,roam,62,518,157,892,324,22,9,0,0,0,1,19,0,5,""
43,bot43,roam,62,523,157,874,324,14,8,0,0,0,1,0,0,0,""
44,bot44,roam,63,528,157,877,324,16,9,0,0,0,1,28,0,7.1,""
45,bot45,idle,62,531,157,867,19,0,0,0,0,0,1,0,0,0,""
46,bot46,fighter,62,536,157,891,324,30,95,0,0,0,1,0,0,0,""
47,bot47,roam,62,541,157,863,324,7,5,0,0,0,1,1,0,5,""
48,bot48,roam,61,546,157,867,324,13,9,0,0,0,1,16,0,7.34,""
49,bot49,roam,61,550,157,879,324,13,8,0,0,0,1,0,0,0,""
50,bot50,idle,62,556,157,856,19,0,0,0,0,0,1,0,0,0,""
51,bot51,fighter,62,560,157,885,324,27,95,0,0,0,1,22,0,6.68,""
52,bot52,roam,62,565,157,866,324,22,8,0,0,0,1,21,0,5,""
53,bot53,roam,62,570,157,874,324,21,6,0,0,0,1,0,0,0,""
54,bot54,roam,61,575,157,876,324,9,4,0,0,0,1,79,0,5.73,""
55,bot55,idle,61,580,157,852,19,0,0,0,0,0,1,0,0,0,""
56,bot56,fighter,62,94,157,1055,324,21,96,0,0,0,1,17,0,6.33,""
57,bot57,roam,62,100,157,1047,324,14,13,0,0,0,1,6,0,5.35,""
58,bot58,roam,62,103,157,1046,324,17,6,0,0,0,1,33,0,6.95,""
59,bot59,roam,62,108,157,1026,324,18,14,0,0,0,1,80,0,6.08,""
60,bot60,idle,62,112,157,1016,19,0,0,0,0,0,1,0,0,0,""
61,bot61,fighter,62,115,157,1063,324,30,117,0,0,0,1,0,0,0,""
62,bot62,roam,63,121,157,1045,324,9,4,0,0,0,1,112,0,6.6,""
63,bot63,roam,63,125,157,1041,324,15,6,0,0,0,1,3,0,5,""
64,bot64,roam,63,129,157,1031,324,17,10,0,0,0,1,24,0,6.73,""
65,bot65,idle,63,131,157,1018,19,0,0,0,0,0,1,0,0,0,""
66,bot66,fighter,63,135,157,1036,324,24,93,0,0,0,1,133,0,5.66,""
67,bot67,roam,63,139,157,1044,324,15,3,0,0,0,1,20,0,6.06,""
68,bot68,roam,64,142,157,1026,324,25,10,0,0,0,1,14,0,5,""
69,bot69,roam,64,145,157,1031,324,18,7,0,0,0,1,75,0,6.71,""
70,bot70,idle,63,148,157,1002,19,0,0,0,0,0,1,0,0,0,""
71,bot71,fighter,64,152,157,1045,324,19,102,0,0,0,1,0,0,0,""
72,bot72,roam,64,156,157,1032,324,13,1,0,0,0,1,112,0,6.1,""
73,bot73,roam,64,158,157,1038,324,16,5,0,0,0,1,0,0,0,""
74,bot74,roam,65,162,157,1018,324,15,6,0,0,0,1,43,0,5.74,""
75,bot75,idle,64,166,157,1004,19,0,0,0,0,0,1,0,0,0,""
76,bot76,fighter,64,170,157,1029,324,16,95,0,0,0,1,12,0,6.9,""
77,bot77,roam,65,173,157,1042,324,27,9,0,0,0,1,30,0,5,""
78,bot78,roam,65,177,157,1019,324,13,6,0,0,0,1,0,0,0,""
79,bot79,roam,65,181,157,1020,324,16,7,0,0,0,1,0,0,0,""
80,bot80,idle,66,185,157,1004,19,0,0,0,0,0,1,0,0,0,""
81,bot81,fighter,65,187,157,1045,324,28,95,0,0,0,1,46,0,6.91,""
82,bot82,roam,65,190,157,1012,324,19,1,0,0,0,1,72,0,6.09,""
83,bot83,roam,66,194,157,1018,324,21,2,0,0,0,1,45,0,5.86,""
84,bot84,roam,65,196,157,1024,324,13,5,0,0,0,1,38,0,6.37,""
85,bot85,idle,65,200,157,996,19,0,0,0,0,0,1,0,0,0,""
86,bot86,fighter,66,204,157,1033,324,32,106,0,0,0,1,40,0,6.92,""
87,bot87,roam,66,208,157,1014,324,15,11,0,0,0,1,5,0,5,""
88,bot88,roam,66,211,157,1011,324,12,4,0,0,0,1,17,0,6.91,""
89,bot89,roam,322,586,157,862,319,11,9,0,0,0,1,0,0,0,""
90,bot90,idle,298,563,157,867,19,0,0,0,0,0,1,0,0,0,""
91,bot91,fighter,297,567,157,890,320,31,89,0,0,0,1,73,0,6.11,""
92,bot92,roam,301,573,157,893,320,18,2,0,0,0,1,44,0,7.31,""
93,bot93,roam,305,580,157,879,320,20,10,0,0,0,1,49,0,6.13,""
94,bot94,roam,309,586,157,874,319,14,4,0,0,0,1,61,0,6.06,""
95,bot95,idle,312,592,157,849,19,0,0,0,0,0,1,0,0,0,""
96,bot96,fighter,313,597,157,878,319,35,93,0,0,0,1,0,0,0,""
97,bot97,roam,317,603,157,877,319,17,10,0,0,0,1,80,0,6.78,""
98,bot98,roam,322,608,157,878,319,14,6,0,0,0,1,0,0,0,""
99,bot99,roam,323,720,156,828,319,11,6,0,0,0,1,15,0,5,""
