bot,name,connect_ms,welcome_ms,snapshots,msgs,inputs_sent,chats_sent,attacks_sent,disconnected,error
0,bot0,41,47,122,569,244,18,28,1,""
1,bot1,24,29,122,568,244,14,24,1,""
2,bot2,24,31,122,563,244,14,17,1,""
3,bot3,23,29,122,562,244,11,15,1,""
4,bot4,23,33,122,563,244,14,15,1,""
5,bot5,23,32,122,564,244,15,22,1,""
6,bot6,23,33,122,558,244,8,31,1,""
7,bot7,23,34,122,563,243,17,22,1,""
8,bot8,23,35,122,560,243,14,25,1,""
9,bot9,23,35,122,559,243,13,27,1,""
10,bot10,19,32,122,556,243,12,23,1,""
11,bot11,19,34,122,557,243,16,18,1,""
12,bot12,20,35,122,556,243,13,28,1,""
13,bot13,20,37,122,554,243,15,23,1,""
14,bot14,20,36,122,554,243,13,23,1,""
15,bot15,19,37,122,547,243,6,30,1,""
16,bot16,19,38,122,550,243,11,23,1,""
17,bot17,19,39,122,547,243,10,21,1,""
18,bot18,19,41,122,545,243,7,22,1,""
19,bot19,19,42,122,546,243,10,29,1,""
