bot,name,profile,connect_ms,welcome_ms,snapshots,msgs,inputs_sent,chats_sent,attacks_sent,reconnects,redirects,tick_gaps,max_tick_gap,disconnected,hazard_avoids,hazard_waypoints,hazard_max_dps,error,proto,bytes_down,binary_frames
0,bot0,idle,118,163,191,1229,19,0,0,0,0,0,0,1,0,0,0,"",2,105323,1223
1,bot1,fighter,92,142,192,1279,353,28,105,0,0,0,0,1,0,0,0,"",2,119055,1273
2,bot2,roam,91,148,192,1280,353,15,8,0,0,0,0,1,118,0,5.33,"",2,127623,1274
3,bot3,roam,91,152,192,1253,353,20,8,0,0,0,0,1,15,0,5.78,"",2,96138,1247
4,bot4,roam,90,157,192,1257,353,22,4,0,0,0,0,1,0,0,0,"",2,95963,1251
5,bot5,idle,87,159,192,1248,19,0,0,0,0,0,0,1,0,0,0,"",2,132449,1242
6,bot6,fighter,87,162,192,1258,353,28,116,0,0,0,0,1,55,0,6.63,"",2,88481,1252
7,bot7,roam,87,169,192,1255,353,20,6,0,0,0,0,1,0,0,0,"",2,122474,1249
8,bot8,roam,87,173,192,1244,353,25,7,0,0,0,0,1,83,0,7.09,"",2,86414,1238
9,bot9,roam,86,178,192,1252,353,19,4,0,0,0,0,1,0,0,0,"",2,119184,1246
10,bot10,idle,85,182,192,1226,19,0,0,0,0,0,0,1,0,0,0,"",2,115300,1220
11,bot11,fighter,85,189,192,1253,353,32,95,0,0,0,0,1,19,0,5.93,"",2,102476,1247
12,bot12,roam,84,192,192,1254,353,16,8,0,0,0,0,1,12,0,5,"",2,98087,1248
13,bot13,roam,85,197,192,1255,353,21,10,0,0,0,0,1,42,0,5,"",2,130796,1249
14,bot14,roam,85,204,192,1244,353,20,7,0,0,0,0,1,82,0,5.59,"",2,130957,1238
15,bot15,idle,78,202,192,1248,19,0,0,0,0,0,0,1,0,0,0,"",2,132713,1242
16,bot16,fighter,77,206,192,1279,353,35,113,0,0,0,0,1,0,0,0,"",2,114681,1273
17,bot17,roam,77,211,192,1252,353,17,7,0,0,0,0,1,0,0,0,"",2,111431,1246
18,bot18,roam,77,216,192,1255,353,12,5,0,0,0,0,1,0,0,0,"",2,123368,1249
19,bot19,roam,77,220,192,1242,353,11,5,0,0,0,0,1,95,0,5.35,"",2,84840,1236
20,bot20,idle,77,225,192,1238,19,0,0,0,0,0,0,1,0,0,0,"",2,129763,1232
21,bot21,fighter,77,230,192,1269,353,31,102,0,0,0,0,1,78,0,5.59,"",2,111686,1263
22,bot22,roam,77,234,192,1267,353,21,5,0,0,0,0,1,6,0,6.86,"",2,125409,1261
23,bot23,roam,76,237,192,1258,353,20,10,0,0,0,0,1,146,0,5.78,"",2,99137,1252
24,bot24,roam,76,242,192,1252,353,13,10,0,0,0,0,1,38,0,6.92,"",2,122635,1246
25,bot25,idle,77,521,191,1119,19,0,0,0,0,0,0,1,0,0,0,"",2,113662,1113
26,bot26,fighter,76,525,191,1135,353,23,112,0,0,0,0,1,76,0,6.87,"",2,106740,1129
27,bot27,roam,76,530,191,1159,353,23,7,0,0,0,0,1,40,0,6.92,"",2,125678,1153
28,bot28,roam,76,534,191,1133,353,18,6,0,0,0,0,1,38,0,7.41,"",2,107401,1127
29,bot29,roam,77,540,191,1132,353,21,12,0,0,0,0,1,6,0,5,"",2,78333,1126
30,bot30,idle,76,544,191,1112,19,0,0,0,0,0,0,1,0,0,0,"",2,121155,1106
31,bot31,fighter,76,552,191,1138,353,26,107,0,0,0,0,1,0,0,0,"",2,92089,1132
32,bot32,roam,76,558,191,1119,353,17,7,0,0,0,0,1,57,0,5.63,"",2,88350,1113
33,bot33,roam,77,563,191,1120,353,17,5,0,0,0,0,1,49,0,6.11,"",2,88550,1114
34,bot34,roam,77,568,191,1142,353,16,6,0,0,0,0,1,4,0,6.8,"",2,111495,1136
35,bot35,idle,76,572,191,1105,19,0,0,0,0,0,0,1,0,0,0,"",2,119070,1099
36,bot36,fighter,76,578,191,1157,353,40,101,0,0,0,0,1,17,0,5.87,"",2,119545,1151
37,bot37,roam,76,582,191,1119,353,16,7,0,0,0,0,1,135,0,7.37,"",2,96899,1113
38,bot38,roam,77,588,191,1116,353,18,6,0,0,0,0,1,92,0,5.83,"",2,120921,1110
39,bot39,roam,77,593,191,1120,353,17,6,0,0,0,0,1,161,0,6.88,"",2,132228,1114
40,bot40,idle,76,600,191,1118,19,0,0,0,0,0,0,1,0,0,0,"",2,116316,1112
41,bot41,fighter,76,606,191,1137,353,26,113,0,0,0,0,1,0,0,0,"",2,115370,1131
42,bot42,roam,76,611,191,1128,353,25,9,0,0,0,0,1,19,0,5,"",2,99592,1122
43,bot43,roam,76,617,191,1125,353,15,8,0,0,0,0,1,0,0,0,"",2,117418,1119
44,bot44,roam,77,623,191,1133,353,17,11,0,0,0,0,1,29,0,7.1,"",2,109466,1127
45,bot45,idle,76,628,191,1086,19,0,0,0,0,0,0,1,0,0,0,"",2,105220,1080
46,bot46,fighter,76,633,191,1135,353,32,104,0,0,0,0,1,0,0,0,"",2,99223,1129
47,bot47,roam,76,639,191,1105,353,7,6,0,0,0,0,1,1,0,5,"",2,115502,1099
48,bot48,roam,76,645,191,1107,353,13,9,0,0,0,0,1,33,0,7.34,"",2,106730,1101
49,bot49,roam,76,650,191,1109,353,13,8,0,0,0,0,1,0,0,0,"",2,118769,1103
50,bot50,idle,77,655,191,1091,19,0,0,0,0,0,0,1,0,0,0,"",2,120519,1085
51,bot51,fighter,76,659,191,1123,353,30,104,0,0,0,0,1,33,0,6.68,"",2,106705,1117
52,bot52,roam,76,665,191,1127,353,22,8,0,0,0,0,1,21,0,5,"",2,103877,1121
53,bot53,roam,76,671,191,1113,353,21,6,0,0,0,0,1,0,0,0,"",2,105973,1107
54,bot54,roam,76,677,191,1104,353,12,5,0,0,0,0,1,79,0,5.73,"",2,130473,1098
55,bot55,idle,75,681,191,1095,19,0,0,0,0,0,0,1,0,0,0,"",2,99606,1089
56,bot56,fighter,75,686,191,1110,353,25,110,0,0,0,0,1,17,0,6.33,"",2,114167,1104
57,bot57,roam,76,692,191,1102,353,15,14,0,0,0,0,1,6,0,5.35,"",2,105033,1096
58,bot58,roam,75,697,191,1107,353,18,7,0,0,0,0,1,33,0,6.95,"",2,109468,1101
59,bot59,roam,75,703,191,1106,353,19,14,0,0,0,0,1,80,0,6.08,"",2,115731,1100
60,bot60,idle,75,709,191,1086,19,0,0,0,0,0,0,1,0,0,0,"",2,117865,1080
61,bot61,fighter,74,713,191,1121,353,33,128,0,0,0,0,1,0,0,0,"",2,105868,1115
62,bot62,roam,74,721,191,1085,353,10,5,0,0,0,0,1,112,0,6.6,"",2,90976,1079
63,bot63,roam,75,727,191,1093,353,17,6,0,0,0,0,1,3,0,5,"",2,106505,1087
64,bot64,roam,75,733,191,1107,353,18,11,0,0,0,0,1,24,0,6.73,"",2,111623,1101
65,bot65,idle,74,739,191,1082,19,0,0,0,0,0,0,1,0,0,0,"",2,103586,1076
66,bot66,fighter,74,745,191,1096,353,26,104,0,0,0,0,1,134,0,5.66,"",2,96967,1090
67,bot67,roam,74,752,191,1093,353,17,3,0,0,0,0,1,20,0,6.06,"",2,90116,1087
68,bot68,roam,74,759,191,1113,353,27,10,0,0,0,0,1,14,0,5,"",2,127535,1107
69,bot69,roam,74,764,191,1101,353,20,8,0,0,0,0,1,75,0,6.71,"",2,120471,1095
70,bot70,idle,75,771,191,1067,19,0,0,0,0,0,0,1,0,0,0,"",2,131894,1061
71,bot71,fighter,75,777,191,1108,353,22,109,0,0,0,0,1,0,0,0,"",2,107369,1102
72,bot72,roam,75,785,191,1096,353,15,1,0,0,0,0,1,112,0,6.1,"",2,126773,1090
73,bot73,roam,75,792,191,1094,353,16,5,0,0,0,0,1,0,0,0,"",2,116162,1088
74,bot74,roam,74,797,191,1080,353,17,6,0,0,0,0,1,54,0,5.74,"",2,111950,1074
75,bot75,idle,75,804,191,1071,19,0,0,0,0,0,0,1,0,0,0,"",2,116102,1065
76,bot76,fighter,75,810,191,1092,353,18,107,0,0,0,0,1,12,0,6.9,"",2,128517,1086
77,bot77,roam,75,816,191,1098,353,28,10,0,0,0,0,1,30,0,5,"",2,117251,1092
78,bot78,roam,75,823,191,1083,353,14,6,0,0,0,0,1,0,0,0,"",2,116316,1077
79,bot79,roam,75,830,191,1088,353,19,7,0,0,0,0,1,0,0,0,"",2,106949,1082
80,bot80,idle,75,836,191,1060,19,0,0,0,0,0,0,1,0,0,0,"",2,119901,1054
81,bot81,fighter,75,841,191,1089,353,31,106,0,0,0,0,1,46,0,6.91,"",2,117807,1083
82,bot82,roam,75,848,191,1064,353,19,2,0,0,0,0,1,72,0,6.09,"",2,86310,1058
83,bot83,roam,75,855,191,1084,353,22,2,0,0,0,0,1,63,0,5.87,"",2,120127,1078
84,bot84,roam,136,234,192,1259,352,14,5,0,0,0,0,1,43,0,6.37,"",2,130598,1253
85,bot85,idle,110,834,192,1057,19,0,0,0,0,0,0,1,0,0,0,"",2,97409,1051
86,bot86,fighter,115,207,193,1281,352,34,114,0,0,0,0,1,40,0,6.92,"",2,112049,1275
87,bot87,roam,116,213,193,1259,352,19,12,0,0,0,0,1,5,0,5,"",2,107157,1253
88,bot88,roam,120,218,193,1272,352,13,4,0,0,0,0,1,17,0,6.91,"",2,131106,1266
89,bot89,roam,127,840,192,1087,352,11,10,0,0,0,0,1,0,0,0,"",2,116019,1081
90,bot90,idle,132,222,193,1233,19,0,0,0,0,0,0,1,0,0,0,"",2,119770,1227
91,bot91,fighter,137,227,193,1270,352,32,96,0,0,0,0,1,73,0,6.11,"",2,132061,1264
92,bot92,roam,141,233,193,1267,352,20,2,0,0,0,0,1,44,0,7.31,"",2,126509,1261
93,bot93,roam,142,238,193,1251,352,21,10,0,0,0,0,1,72,0,6.13,"",2,119600,1245
94,bot94,roam,142,243,193,1259,352,15,8,0,0,0,0,1,61,0,6.06,"",2,117922,1253
95,bot95,idle,142,247,193,1228,19,0,0,0,0,0,0,1,0,0,0,"",2,105720,1222
96,bot96,fighter,142,252,193,1270,352,36,106,0,0,0,0,1,3,0,5,"",2,128541,1264
97,bot97,roam,142,258,193,1244,352,19,11,0,0,0,0,1,80,0,6.78,"",2,119336,1238
98,bot98,roam,142,263,193,1358,352,16,7,0,0,0,0,1,0,0,0,"",2,124022,1352
99,bot99,roam,142,268,193,1344,352,12,6,0,0,0,0,1,15,0,5,"",2,118741,1338
