ts,shard,players,tick_avg,tick_p50,tick_p95,tick_max,ticks_total,tick_hz,slow_total,slow_ratio,sec_gameplay,sec_snapshot,snaps_sent,snap_bytes,wire_bytes,wire_bps,wire_bpp,frames_json,frames_binary,bin_ratio,rej_input,rej_burst,rej_speed,rej_teleport,rej_shadowban,freeMB,srvRSS_MB
16,shard-0,200,6.928,11.884,73.412,116.870,6442,18.200,181,0.028097,4.421,2.141,145630,110401251,151314821,1819391.133,9096.956,0,966414,1.000000,34905,0,0,0,0,248,121.7
16,shard-1,200,8.187,24.066,94.492,163.814,6360,15.800,288,0.045283,5.194,2.607,150357,117530184,157992214,1713474.667,8567.373,0,966172,1.000000,59314,8,0,0,0,248,157.8
16,shard-2,200,8.882,30.464,101.640,164.387,6225,15.400,346,0.055582,5.623,2.819,150937,115166127,155274904,1533942.867,7669.714,0,955528,1.000000,69818,118,0,0,0,248,127.2
16,shard-3,200,8.810,31.218,106.458,197.976,6065,14.600,319,0.052597,5.630,2.784,148063,114995930,155405439,1559847.733,7799.239,0,963613,1.000000,72954,172,0,0,0,248,156.1
16,shard-4,200,8.107,31.769,105.395,237.452,5939,14.733,245,0.041253,5.269,2.455,148305,114025944,156113239,1470236.133,7351.181,0,996058,1.000000,60160,166,0,0,0,248,127.9
49,shard-0,200,10.388,48.126,108.320,193.093,6972,16.667,436,0.062536,6.572,3.325,198630,153432503,207480173,1808648.733,9043.244,0,1274586,1.000000,96489,0,0,0,0,892,153.5
49,shard-1,200,11.242,50.590,102.890,182.685,6848,16.133,533,0.077833,7.102,3.637,199157,158487712,210513967,1784700.933,8923.505,0,1241189,1.000000,111083,8,0,0,0,892,150.7
49,shard-2,200,11.955,50.391,102.064,167.844,6701,16.667,590,0.088047,7.569,3.840,198537,154150439,205874491,1812913.533,9064.568,0,1230827,1.000000,125075,118,0,0,0,892,129.5
49,shard-3,200,11.904,48.769,104.936,151.669,6551,15.667,555,0.084720,7.546,3.848,196663,154993787,206913146,1722498.133,8612.491,0,1239759,1.000000,125142,172,0,0,0,892,150.3
49,shard-4,200,11.121,47.162,96.389,156.233,6429,16.867,472,0.073417,7.075,3.547,197305,155448953,208480123,1843166.067,9215.830,0,1259765,1.000000,105924,166,0,0,0,892,185.6
20,shard-0,0,10.835,0.251,68.405,158.634,7587,18.867,533,0.070252,6.849,3.480,216285,168467472,227120562,0.000,0.000,0,1383678,1.000000,117285,0,0,0,0,1083,161.4
20,shard-1,0,11.538,0.337,70.675,136.295,7424,18.867,618,0.083244,7.259,3.757,215653,171772722,227938737,0.000,0.000,0,1337890,1.000000,130418,8,0,0,0,1083,190.1
20,shard-2,0,12.091,0.338,71.433,136.846,7228,19.133,658,0.091035,7.641,3.893,213030,165976660,221361802,0.000,0.000,0,1316716,1.000000,140511,118,0,0,0,1083,63.4
20,shard-3,0,11.902,0.265,66.677,122.255,7028,19.467,592,0.084234,7.549,3.845,210612,166399319,222075659,0.000,0.000,0,1329333,1.000000,133170,172,0,0,0,1083,61
20,shard-4,0,10.996,0.359,56.932,114.353,6858,19.667,486,0.070866,6.991,3.512,211284,166362742,223065600,54859.333,54859.333,0,1348001,1.000000,107759,166,0,0,0,1083,196.1
32,shard-0,0,10.506,0.174,0.383,0.773,7829,19.000,533,0.068080,6.639,3.374,216285,168467472,227120562,0.000,0.000,0,1383678,1.000000,117285,0,0,0,0,1656,63.8
32,shard-1,0,11.200,0.259,0.490,0.907,7653,19.467,618,0.080753,7.043,3.646,215653,171772722,227938737,0.000,0.000,0,1337890,1.000000,130418,8,0,0,0,1656,62.7
32,shard-2,0,11.726,0.244,0.512,0.859,7458,19.800,658,0.088227,7.407,3.774,213030,165976660,221361802,0.000,0.000,0,1316716,1.000000,140511,118,0,0,0,1656,64.4
32,shard-3,0,11.531,0.185,0.391,1.787,7258,18.800,592,0.081565,7.311,3.724,210612,166399319,222075659,0.000,0.000,0,1329333,1.000000,133170,172,0,0,0,1656,63.3
32,shard-4,0,10.650,0.190,0.432,0.860,7085,19.067,486,0.068596,6.768,3.400,211284,166362742,223065600,0.000,0.000,0,1348001,1.000000,107759,166,0,0,0,1656,64.7
44,shard-0,0,10.215,0.174,0.418,0.773,8056,19.467,533,0.066162,6.453,3.280,216285,168467472,227120562,0.000,0.000,0,1383678,1.000000,117285,0,0,0,0,1629,66.1
44,shard-1,0,10.886,0.240,0.485,0.907,7878,19.800,618,0.078446,6.843,3.542,215653,171772722,227938737,0.000,0.000,0,1337890,1.000000,130418,8,0,0,0,1629,64.4
44,shard-2,0,11.390,0.228,0.471,0.859,7682,18.733,658,0.085655,7.192,3.665,213030,165976660,221361802,0.000,0.000,0,1316716,1.000000,140511,118,0,0,0,1629,65.2
44,shard-3,0,11.191,0.176,0.373,0.994,7482,19.067,592,0.079123,7.094,3.614,210612,166399319,222075659,0.000,0.000,0,1329333,1.000000,133170,172,0,0,0,1629,63.6
44,shard-4,0,10.329,0.199,0.428,0.860,7309,19.333,486,0.066493,6.562,3.297,211284,166362742,223065600,0.000,0.000,0,1348001,1.000000,107759,166,0,0,0,1629,66.3
55,shard-0,0,9.944,0.180,0.411,0.655,8280,19.733,533,0.064372,6.279,3.192,216285,168467472,227120562,0.000,0.000,0,1383678,1.000000,117285,0,0,0,0,1566,66.3
55,shard-1,0,10.590,0.224,0.427,0.713,8102,18.733,618,0.076277,6.655,3.445,215653,171772722,227938737,0.000,0.000,0,1337890,1.000000,130418,8,0,0,0,1566,66.3
55,shard-2,0,11.072,0.211,0.413,0.626,7906,19.000,658,0.083228,6.989,3.562,213030,165976660,221361802,0.000,0.000,0,1316716,1.000000,140511,118,0,0,0,1566,69.6
55,shard-3,0,10.870,0.175,0.328,0.434,7706,19.333,592,0.076823,6.889,3.509,210612,166399319,222075659,0.000,0.000,0,1329333,1.000000,133170,172,0,0,0,1566,63.3
55,shard-4,0,10.028,0.185,0.372,0.944,7532,19.467,486,0.064525,6.368,3.200,211284,166362742,223065600,0.000,0.000,0,1348001,1.000000,107759,166,0,0,0,1566,67
66,shard-0,0,9.688,0.165,0.347,0.655,8502,19.867,533,0.062691,6.116,3.109,216285,168467472,227120562,0.000,0.000,0,1383678,1.000000,117285,0,0,0,0,1504,64.7
66,shard-1,0,10.312,0.219,0.388,0.713,8324,18.867,618,0.074243,6.479,3.354,215653,171772722,227938737,0.000,0.000,0,1337890,1.000000,130418,8,0,0,0,1504,72.4
66,shard-2,0,10.775,0.206,0.395,0.626,8128,19.133,658,0.080955,6.799,3.466,213030,165976660,221361802,0.000,0.000,0,1316716,1.000000,140511,118,0,0,0,1504,71.4
66,shard-3,0,10.570,0.182,0.319,0.434,7928,19.467,592,0.074672,6.697,3.412,210612,166399319,222075659,0.000,0.000,0,1329333,1.000000,133170,172,0,0,0,1504,63.6
66,shard-4,0,9.744,0.185,0.367,0.944,7756,19.800,486,0.062661,6.185,3.109,211284,166362742,223065600,0.000,0.000,0,1348001,1.000000,107759,166,0,0,0,1504,69.3
77,shard-0,0,9.441,0.177,0.325,0.601,8728,18.933,533,0.061068,5.959,3.029,216285,168467472,227120562,0.000,0.000,0,1383678,1.000000,117285,0,0,0,0,1469,65.1
77,shard-1,0,10.044,0.201,0.355,0.658,8550,19.267,618,0.072281,6.308,3.266,215653,171772722,227938737,0.000,0.000,0,1337890,1.000000,130418,8,0,0,0,1469,73.2
77,shard-2,0,10.488,0.171,0.358,0.557,8354,19.533,658,0.078765,6.616,3.373,213030,165976660,221361802,0.000,0.000,0,1316716,1.000000,140511,118,0,0,0,1469,72.1
77,shard-3,0,10.281,0.175,0.316,0.434,8154,19.867,592,0.072602,6.512,3.318,210612,166399319,222075659,0.000,0.000,0,1329333,1.000000,133170,172,0,0,0,1469,64.4
77,shard-4,0,9.472,0.175,0.361,0.551,7982,18.867,486,0.060887,6.011,3.021,211284,166362742,223065600,0.000,0.000,0,1348001,1.000000,107759,166,0,0,0,1469,70.1
89,shard-0,0,9.209,0.177,0.321,0.625,8952,19.200,533,0.059540,5.811,2.954,216285,168467472,227120562,0.000,0.000,0,1383678,1.000000,117285,0,0,0,0,1424,65.3
89,shard-1,0,9.792,0.196,0.355,0.695,8774,19.533,618,0.070435,6.148,3.184,215653,171772722,227938737,0.000,0.000,0,1337890,1.000000,130418,8,0,0,0,1424,73.7
89,shard-2,0,10.220,0.171,0.353,0.557,8577,19.733,658,0.076717,6.445,3.286,213030,165976660,221361802,0.000,0.000,0,1316716,1.000000,140511,118,0,0,0,1424,72.8
89,shard-3,0,10.011,0.165,0.308,0.433,8377,18.733,592,0.070670,6.339,3.230,210612,166399319,222075659,0.000,0.000,0,1329333,1.000000,133170,172,0,0,0,1424,65.5
89,shard-4,0,9.219,0.174,0.345,0.551,8205,19.000,486,0.059232,5.849,2.940,211284,166362742,223065600,0.000,0.000,0,1348001,1.000000,107759,166,0,0,0,1424,70.6
100,shard-0,0,8.988,0.177,0.317,0.625,9176,19.467,533,0.058086,5.670,2.883,216285,168467472,227120562,0.000,0.000,0,1383678,1.000000,117285,0,0,0,0,1409,65.7
100,shard-1,0,9.552,0.199,0.352,0.695,8998,19.800,618,0.068682,5.996,3.105,215653,171772722,227938737,0.000,0.000,0,1337890,1.000000,130418,8,0,0,0,1409,74.6
100,shard-2,0,9.964,0.209,0.353,0.526,8801,18.667,658,0.074764,6.282,3.203,213030,165976660,221361802,0.000,0.000,0,1316716,1.000000,140511,118,0,0,0,1409,73.6
100,shard-3,0,9.754,0.150,0.285,0.733,8601,19.000,592,0.068829,6.175,3.147,210612,166399319,222075659,0.000,0.000,0,1329333,1.000000,133170,172,0,0,0,1409,66.6
100,shard-4,0,8.978,0.149,0.314,0.431,8429,19.333,486,0.057658,5.694,2.862,211284,166362742,223065600,0.000,0.000,0,1348001,1.000000,107759,166,0,0,0,1409,73.3
111,shard-0,0,8.777,0.147,0.315,0.629,9400,19.733,533,0.056702,5.535,2.815,216285,168467472,227120562,0.000,0.000,0,1383678,1.000000,117285,0,0,0,0,1378,65.7
111,shard-1,0,9.325,0.201,0.353,0.702,9222,18.733,618,0.067014,5.851,3.030,215653,171772722,227938737,0.000,0.000,0,1337890,1.000000,130418,8,0,0,0,1378,74.8
111,shard-2,0,9.721,0.209,0.354,0.616,9025,18.933,658,0.072909,6.127,3.124,213030,165976660,221361802,0.000,0.000,0,1316716,1.000000,140511,118,0,0,0,1378,73.6
111,shard-3,0,9.510,0.140,0.275,0.733,8825,19.267,592,0.067082,6.019,3.068,210612,166399319,222075659,0.000,0.000,0,1329333,1.000000,133170,172,0,0,0,1378,66.8
111,shard-4,0,8.748,0.149,0.304,0.437,8654,19.600,486,0.056159,5.547,2.789,211284,166362742,223065600,0.000,0.000,0,1348001,1.000000,107759,166,0,0,0,1378,74
122,shard-0,0,8.577,0.147,0.314,0.629,9624,18.667,533,0.055382,5.407,2.750,216285,168467472,227120562,0.000,0.000,0,1383678,1.000000,117285,0,0,0,0,1360,65.9
122,shard-1,0,9.115,0.191,0.352,0.702,9438,19.800,618,0.065480,5.718,2.962,215653,171772722,227938737,0.000,0.000,0,1337890,1.000000,130418,8,0,0,0,1360,76.7
122,shard-2,0,9.504,0.202,0.346,0.616,9234,19.533,658,0.071258,5.989,3.054,213030,165976660,221361802,0.000,0.000,0,1316716,1.000000,140511,118,0,0,0,1360,76.1
122,shard-3,0,9.304,0.140,0.268,0.733,9023,19.133,592,0.065610,5.887,3.001,210612,166399319,222075659,0.000,0.000,0,1329333,1.000000,133170,172,0,0,0,1360,67
122,shard-4,0,8.568,0.166,0.304,3.585,8839,19.933,486,0.054984,5.431,2.731,211284,166362742,223065600,0.000,0.000,0,1348001,1.000000,107759,166,0,0,0,1360,72.2
131,shard-0,0,8.427,0.147,0.314,0.629,9798,19.600,533,0.054399,5.312,2.702,216285,168467472,227120562,0.000,0.000,0,1383678,1.000000,117285,0,0,0,0,1335,66.8
131,shard-1,0,8.960,0.191,0.354,0.702,9604,18.867,618,0.064348,5.619,2.911,215653,171772722,227938737,0.000,0.000,0,1337890,1.000000,130418,8,0,0,0,1335,80.3
131,shard-2,0,9.347,0.203,0.362,0.616,9392,19.400,658,0.070060,5.888,3.003,213030,165976660,221361802,0.000,0.000,0,1316716,1.000000,140511,118,0,0,0,1335,79.4
131,shard-3,0,9.155,0.128,0.263,0.474,9172,19.733,592,0.064544,5.792,2.953,210612,166399319,222075659,0.000,0.000,0,1329333,1.000000,133170,172,0,0,0,1335,67
131,shard-4,0,8.436,0.166,0.296,3.585,8980,18.667,486,0.054120,5.346,2.688,211284,166362742,223065600,0.000,0.000,0,1348001,1.000000,107759,166,0,0,0,1335,72.3
138,shard-0,0,8.316,0.163,0.307,0.517,9931,19.133,533,0.053670,5.241,2.666,216285,168467472,227120562,0.000,0.000,0,1383678,1.000000,117285,0,0,0,0,1312,66.3
138,shard-1,0,8.845,0.191,0.352,0.530,9732,19.400,618,0.063502,5.546,2.873,215653,171772722,227938737,0.000,0.000,0,1337890,1.000000,130418,8,0,0,0,1312,80.3
138,shard-2,0,9.228,0.203,0.359,0.602,9516,19.667,658,0.069147,5.812,2.964,213030,165976660,221361802,0.000,0.000,0,1316716,1.000000,140511,118,0,0,0,1312,79.4
138,shard-3,0,9.034,0.128,0.262,0.419,9296,18.667,592,0.063683,5.715,2.914,210612,166399319,222075659,0.000,0.000,0,1329333,1.000000,133170,172,0,0,0,1312,67
138,shard-4,0,8.322,0.168,0.297,3.585,9105,19.067,486,0.053377,5.273,2.652,211284,166362742,223065600,0.000,0.000,0,1348001,1.000000,107759,166,0,0,0,1312,72.3
144,shard-0,0,8.215,0.163,0.308,0.546,10055,19.400,533,0.053008,5.177,2.633,216285,168467472,227120562,0.000,0.000,0,1383678,1.000000,117285,0,0,0,0,1270,67
144,shard-1,0,8.734,0.191,0.357,0.890,9858,19.800,618,0.062690,5.475,2.837,215653,171772722,227938737,0.000,0.000,0,1337890,1.000000,130418,8,0,0,0,1270,80.4
144,shard-2,0,9.109,0.204,0.361,0.637,9642,18.733,658,0.068243,5.737,2.926,213030,165976660,221361802,0.000,0.000,0,1316716,1.000000,140511,118,0,0,0,1270,79.5
144,shard-3,0,8.915,0.131,0.258,0.323,9422,19.067,592,0.062832,5.639,2.875,210612,166399319,222075659,0.000,0.000,0,1329333,1.000000,133170,172,0,0,0,1270,66.9
144,shard-4,0,8.211,0.168,0.300,3.585,9230,19.333,486,0.052654,5.202,2.616,211284,166362742,223065600,0.000,0.000,0,1348001,1.000000,107759,166,0,0,0,1270,71.8
150,shard-0,0,8.115,0.145,0.326,0.546,10181,19.800,533,0.052352,5.113,2.601,216285,168467472,227120562,0.000,0.000,0,1383678,1.000000,117285,0,0,0,0,1344,67
150,shard-1,0,8.627,0.197,0.360,0.890,9982,18.733,618,0.061911,5.408,2.802,215653,171772722,227938737,0.000,0.000,0,1337890,1.000000,130418,8,0,0,0,1344,80.7
150,shard-2,0,8.995,0.201,0.357,0.637,9767,19.067,658,0.067370,5.664,2.889,213030,165976660,221361802,0.000,0.000,0,1316716,1.000000,140511,118,0,0,0,1344,79.7
150,shard-3,0,8.800,0.141,0.258,0.346,9547,19.400,592,0.062009,5.566,2.838,210612,166399319,222075659,0.000,0.000,0,1329333,1.000000,133170,172,0,0,0,1344,67.1
150,shard-4,0,8.104,0.168,0.299,0.394,9355,19.667,486,0.051951,5.133,2.582,211284,166362742,223065600,0.000,0.000,0,1348001,1.000000,107759,166,0,0,0,1344,74.6
156,shard-0,0,8.019,0.145,0.316,0.546,10306,18.800,533,0.051717,5.051,2.570,216285,168467472,227120562,0.000,0.000,0,1383678,1.000000,117285,0,0,0,0,1335,67
156,shard-1,0,8.522,0.195,0.351,0.890,10108,19.133,618,0.061140,5.341,2.767,215653,171772722,227938737,0.000,0.000,0,1337890,1.000000,130418,8,0,0,0,1335,80.7
156,shard-2,0,8.884,0.199,0.342,0.637,9891,19.333,658,0.066525,5.593,2.853,213030,165976660,221361802,0.000,0.000,0,1316716,1.000000,140511,118,0,0,0,1335,79.8
156,shard-3,0,8.689,0.141,0.260,0.612,9671,19.667,592,0.061214,5.495,2.802,210612,166399319,222075659,0.000,0.000,0,1329333,1.000000,133170,172,0,0,0,1335,67.4
156,shard-4,0,8.000,0.166,0.311,0.394,9479,19.933,486,0.051271,5.066,2.548,211284,166362742,223065600,0.000,0.000,0,1348001,1.000000,107759,166,0,0,0,1335,77.7
163,shard-0,0,7.925,0.145,0.312,0.546,10430,19.067,533,0.051103,4.992,2.540,216285,168467472,227120562,0.000,0.000,0,1383678,1.000000,117285,0,0,0,0,1312,68.3
163,shard-1,0,8.420,0.195,0.347,0.890,10233,19.467,618,0.060393,5.276,2.734,215653,171772722,227938737,0.000,0.000,0,1337890,1.000000,130418,8,0,0,0,1312,80.7
163,shard-2,0,8.774,0.182,0.341,0.637,10017,19.733,658,0.065688,5.523,2.817,213030,165976660,221361802,0.000,0.000,0,1316716,1.000000,140511,118,0,0,0,1312,79.8
163,shard-3,0,8.579,0.133,0.268,0.612,9797,18.733,592,0.060427,5.425,2.766,210612,166399319,222075659,0.000,0.000,0,1329333,1.000000,133170,172,0,0,0,1312,67.5
163,shard-4,0,7.896,0.166,0.313,0.573,9606,19.067,486,0.050593,5.000,2.515,211284,166362742,223065600,0.000,0.000,0,1348001,1.000000,107759,166,0,0,0,1312,77.8
